lit_pcba_id,label,gnina_score,coupled_score,smiles,max_native_ecfp4_tanimoto,similarity_stratum,gnina_rank,coupled_rank,recovered_gnina_top1pct,recovered_coupled_top1pct
101343,1,0.91719,1.227851129032258,Brc4cccc(Nc2ncnc3cc1ccccc1cc23)c4,0.4067796610169492,0.30-<0.50,289,266,True,True
101370,1,0.89812,1.1733503225806452,Brc4cccc(Nc2ncnc3cc1[nH]cnc1cc23)c4,0.375,0.30-<0.50,476,577,False,False
103460,1,0.69755,0.9450677419354839,O=C(CCCC(=O)Oc1ccc(/C=C/N(=O)=O)cc1)Oc2ccccc2,0.0784313725490196,<0.30,3882,3368,False,False
103519,1,0.81507,1.0779958064516129,Oc2ccc(\C=C(/C#N)C(=O)NCCCNC(=O)C(=C/c1ccc(O)c(O)c1)/C#N)cc2O,0.09210526315789473,<0.30,1654,1583,False,False
103538,1,0.73966,1.0021200000000001,O=C(CCCC(=O)Oc1ccc(/C=C/N(=O)=O)cc1)OCc2ccco2,0.1,<0.30,3010,2550,False,False
105463,1,0.86239,1.0988517741935484,Oc3cc2cc(c1cccnc1)cnc2cc3O,0.12643678160919541,<0.30,895,1328,False,False
105992,1,0.82451,1.0577548387096773,COc2ccc(\C=C(/C#N)c1cccnc1)cc2OC,0.14473684210526316,<0.30,1496,1829,False,False
106614,1,0.0598,0.0829483870967742,CCN(CC)CC(O)CNC(=O)c4cc(C)c(\C=c2/c(=O)[nH]c3ncnc(Nc1ccc(F)c(Cl)c1)c23)[nH]4,0.20161290322580644,<0.30,35226,35099,False,False
107148,1,0.88007,1.1923529032258067,CN5CCN(C(=O)c4cc(C)c(\C=c2/c(=O)[nH]c3ncnc(Nc1ccc(F)c(Cl)c1)c23)[nH]4)CC5,0.20512820512820512,<0.30,676,452,False,False
107305,1,0.58319,0.7901283870967742,Cc2cc(C(=O)N1CCOCC1)[nH]c2\C=c6/c(=O)[nH]c7ncnc(Nc5ccc4n(Cc3ccccc3)ncc4c5)c67,0.18604651162790697,<0.30,6515,6020,False,False
107306,1,0.58839,0.7212522580645161,Cc2cc(C(=O)N1CCOCC1)[nH]c2\C=c6/c(=O)[nH]c7ncnc(Nc5ccc4n(Cc3ccccc3)ccc4c5)c67,0.18604651162790697,<0.30,6366,7381,False,False
107365,1,0.82597,1.1323782258064516,Cc2cc(C(=O)NCCN1CCOCC1)[nH]c2\C=c4/c(=O)[nH]c5ncnc(Nc3ccc(F)c(Cl)c3)c45,0.23140495867768596,<0.30,1467,947,False,False
107375,1,0.71248,0.9538038709677419,Cc2cc(C(=O)N1CCOCC1)[nH]c2\C=c4/c(=O)[nH]c5ncnc(Nc3ccc(F)c(Cl)c3)c45,0.211864406779661,<0.30,3577,3242,False,False
107598,1,0.76033,1.0546512903225806,CN5CCN(C(=O)c4c[nH]c(\C=c2/c(=O)[nH]c3ncnc(Nc1ccc(F)c(Cl)c1)c23)c4C)CC5,0.2033898305084746,<0.30,2619,1856,False,False
117334,1,0.20977,0.2706709677419355,C1CCc3c(C1)[nH]c4ncnc(Nc2ccccc2)c34,0.23880597014925373,<0.30,23991,24173,False,False
118138,1,0.913,1.1633387096774195,CN(c1cccc(Cl)c1)c2[nH]cnc3nc(C)c(C)c23,0.11392405063291139,<0.30,327,667,True,False
118235,1,0.87189,1.1279167741935485,Clc5cccc(Nc3[nH]cnc4nc(c1ccccc1)c(c2ccccc2)c34)c5,0.1717171717171717,<0.30,762,1005,False,False
118267,1,0.90981,1.1886227419354838,Cc3[nH]c2ncnc(Nc1cccc(Cl)c1)c2c3c4ccccc4,0.2676056338028169,<0.30,363,475,False,False
118567,1,0.13281,0.16922564516129032,Clc4cccc(Nc2[nH]cnc3nc1CCCCc1c23)c4,0.16666666666666666,<0.30,30937,31128,False,False
118583,1,0.32029,0.4236093548387097,Clc4cccc(Nc2[nH]cnc3nc1ccccc1c23)c4,0.2054794520547945,<0.30,16207,16018,False,False
118603,1,0.9471,1.2220645161290322,Cc3c(c1ccccc1)[nH]c4ncnc(Nc2cccc(Cl)c2)c34,0.2676056338028169,<0.30,85,300,True,True
118953,1,0.22361,0.2813158064516129,Cc3[nH]c2ncnc(Nc1cccc(Br)c1)c2c3C,0.2878787878787879,<0.30,22775,23502,False,False
121957,1,0.53924,0.6870961290322581,OC(=O)c2ccc(S(=O)(=O)Oc1ccc(/C=C/N(=O)=O)cc1)cc2O,0.07407407407407407,<0.30,7713,8101,False,False
122396,1,0.55697,0.7366377419354838,NC(=C(C#N)C#N)C(=C/c1ccc(O)cc1)/C#N,0.056338028169014086,<0.30,7209,7047,False,False
125551,1,0.24135,0.3192048387096774,O=C(c1ccccc1)c5cc4ncnc(Nc3ccc2[nH]ccc2c3)c4s5,0.225,<0.30,21297,21064,False,False
125626,1,0.42745,0.5308653225806451,C(CN(c4cc3ncnc(Nc2ccc1[nH]ccc1c2)c3s4)n5ccnc5)Cc6ccccc6,0.21505376344086022,<0.30,11423,12212,False,False
125634,1,0.26304,0.33092129032258066,OCCNCc5ccc(c4cc3nccc(Nc2ccc1[nH]ccc1c2)c3s4)cc5,0.2037037037037037,<0.30,19715,20398,False,False
125663,1,0.76382,1.0348529032258067,C(CN(c4cc3ncnc(Nc2ccc1[nH]ccc1c2)c3s4)n5cccc5)Nc6ccccc6,0.2413793103448276,<0.30,2556,2110,False,False
125694,1,0.43772,0.55774,OCc5ccc(c4cc3ncnc(Nc2ccc1[nH]ccc1c2)c3s4)cc5,0.24050632911392406,<0.30,11019,11414,False,False
125696,1,0.7441,0.9721306451612902,N(c2ccc1[nH]ccc1c2)c4ncnc5cc(c3cccs3)sc45,0.23684210526315788,<0.30,2924,2991,False,False
125698,1,0.13628,0.18463741935483874,C6CN(CCNCc5ccc(c4cc3nccc(Nc2ccc1[nH]ccc1c2)c3s4)cc5)CCN6,0.2,<0.30,30635,30153,False,False
125740,1,0.18265,0.22978548387096775,NC(=O)C6CCN(Cc5ccc(c4cc3ncnc(Nc2ccc1[nH]ccc1c2)c3s4)cc5)CC6,0.22807017543859648,<0.30,26429,27006,False,False
125948,1,0.26586,0.34304516129032253,N(c2ccc1[nH]ccc1c2)c3ncnc4ccsc34,0.24285714285714285,<0.30,19530,19753,False,False
126035,1,0.49297,0.6360903225806451,N(c2ccc1[nH]ccc1c2)c4ccnc5cc(c3cccs3)sc45,0.16049382716049382,<0.30,9113,9335,False,False
126096,1,0.77421,1.0364424193548385,CN(C)c4ccc(Nc2ncnc3cc(c1ccccc1)sc23)cc4,0.2714285714285714,<0.30,2355,2091,False,False
126427,1,0.22946,0.30347935483870964,NC(=O)C6CCN(Cc5ccc(c4cc3nccc(Nc2ccc1[nH]ccc1c2)c3s4)cc5)CC6,0.17647058823529413,<0.30,22279,22032,False,False
127083,1,0.21091,0.27214193548387094,C6CN(Cc5ccc(c4cc3nccc(Nc2ccc1[nH]ccc1c2)c3s4)cc5)CCO6,0.17699115044247787,<0.30,23888,24080,False,False
14805,1,0.75143,1.0907854838709679,CS(=O)(=O)CCNCc5ccc(c4ccc3ncnc(Nc2ccc(OCc1cccc(F)c1)c(Cl)c2)c3c4)o5,1.0,>=0.70,2784,1427,False,False
14809,1,0.2965,0.40649193548387097,CS(=O)(=O)CNCCCCOc5ccc4ncnc(Nc3ccc2n(Cc1cccc(F)c1)ncc2c3)c4c5,0.4174757281553398,0.30-<0.50,17524,16732,False,False
148375,1,0.90552,1.1976232258064516,COc3cc2ncnc(NNc1ccc(F)c(Cl)c1)c2cc3OC,0.3484848484848485,0.30-<0.50,403,423,False,False
148402,1,0.71257,0.9309382258064516,COc3cc2ncnc(N=Nc1ccc(F)c(Cl)c1)c2cc3OC,0.2714285714285714,<0.30,3574,3598,False,False
148480,1,0.8717,1.138833870967742,COc4cc3ncnc(Nc2nnc1ccccc1n2)c3cc4OC,0.4032258064516129,0.30-<0.50,763,882,False,False
14874,1,0.84453,1.2531735483870967,CS(=O)(=O)CNCCCCOc4ccc3ncnc(Nc2ccc(S(=O)(=O)c1ccccc1)cc2)c3c4,0.34375,0.30-<0.50,1146,168,False,True
148884,1,0.75869,1.0034287096774193,COc4cc3ncnc(NC1CC1c2ccccc2)c3cc4OCCN5CCOCC5,0.34177215189873417,0.30-<0.50,2652,2530,False,False
148973,1,0.67234,0.8458470967741936,COc4cc3ncnc(Nc2cnc1ccccc1n2)c3cc4OC,0.4032258064516129,0.30-<0.50,4434,5047,False,False
148978,1,0.29719,0.3882643548387097,COc4cc3ncnc(NC1CCc2ccccc12)c3cc4OC,0.3382352941176471,0.30-<0.50,17464,17540,False,False
149025,1,0.68181,0.8907517741935483,COc4cc3ncnc(Nc2cc1ccccc1cn2)c3cc4OC,0.4032258064516129,0.30-<0.50,4218,4261,False,False
149029,1,0.2643,0.3367693548387096,COc4cc3ncnc(NC1CC1c2ccccc2)c3cc4OC,0.3484848484848485,0.30-<0.50,19637,20074,False,False
149030,1,0.95336,1.2608954838709676,COc4cc3ncnc(Nc1cncc2ccccc12)c3cc4OC,0.390625,0.30-<0.50,51,140,True,True
149046,1,0.84738,1.1480632258064518,COc4cc3ncnc(Nc1nccc2ccccc12)c3cc4OC,0.4098360655737705,0.30-<0.50,1102,788,False,False
149425,1,0.41686,0.5513309677419355,COCC1CCCN1CC#CC(=O)Nc4ccc3ncnc(Nc2cccc(Br)c2)c3c4,0.3372093023255814,0.30-<0.50,11812,11610,False,False
149451,1,0.21918,0.2934183870967742,CCN4CCN(CC#CC(=O)Nc3ccc2ncnc(Nc1cccc(Br)c1)c2c3)CC4,0.32098765432098764,0.30-<0.50,23174,22706,False,False
149470,1,0.09553,0.12018290322580645,Brc4cccc(Nc2ncnc3ccc(NC(=O)C#CCN1CCSCC1)cc23)c4,0.3048780487804878,0.30-<0.50,33665,33819,False,False
149492,1,0.82331,1.1420106451612904,Brc5cccc(Nc3ncnc4ccc(NC(=O)\C=C\CN2CCC(N1CCCCC1)CC2)cc34)c5,0.2696629213483146,<0.30,1525,850,False,False
149503,1,0.41517,0.508918064516129,CN4CCC=C(C(=O)Nc3ccc2ncnc(Nc1cccc(Br)c1)c2c3)C4,0.31645569620253167,0.30-<0.50,11869,12941,False,False
149766,1,0.45757,0.546131935483871,Brc4cccc(Nc2ncnc3ccc(NC(=O)C#CCN1CCOCC1)cc23)c4,0.3048780487804878,0.30-<0.50,10342,11764,False,False
150175,1,0.14875,0.19673387096774192,Brc4cccc(Nc2ncnc3ccc(NC(=O)C#CCN1CCCCC1)cc23)c4,0.3125,0.30-<0.50,29568,29366,False,False
150262,1,0.4882,0.5905645161290323,Brc4cccc(Nc2ncnc3ccc(NC(=O)\C=C\CN1CCCCC1)cc23)c4,0.2962962962962963,<0.30,9254,10524,False,False
150272,1,0.15778,0.21631129032258067,Brc4cccc(Nc2ncnc3ccc(NC(=O)\C=C\CN1CCOCC1)cc23)c4,0.2891566265060241,<0.30,28729,27957,False,False
150289,1,0.16076,0.19187483870967742,Brc4cccc(Nc2ncnc3ccc(NC(=O)/C=C/N1CCOCC1)cc23)c4,0.2875,<0.30,28456,29688,False,False
150301,1,0.13259,0.18391516129032262,Brc4cccc(Nc2ncnc3ccc(NC(=O)\C=C\CN1CCSCC1)cc23)c4,0.2891566265060241,<0.30,30953,30193,False,False
150354,1,0.11606,0.1572425806451613,Brc4cccc(Nc2ncnc3ccc(NC(=O)C(=C)CN1CCOCC1)cc23)c4,0.2926829268292683,<0.30,32287,31883,False,False
151828,1,0.91024,1.1745032258064516,Brc4cccc(Nc2ncnc3cc1OCOc1cc23)c4,0.38095238095238093,0.30-<0.50,355,570,True,False
158592,1,0.93553,1.2071354838709676,COc4nccc(c2c(c1ccc(F)cc1)ncn2C3CCC(O)CC3)n4,0.17346938775510204,<0.30,146,372,True,False
159937,1,0.49523,0.6390064516129033,Fc4ccc(Nc2c(C#N)cnc3cc(OCCCN1CCOCC1)c(NC(=O)C=C)cc23)cc4Cl,0.21,<0.30,9039,9258,False,False
165012,1,0.84272,1.1825264516129033,Clc4ccc(Nc2nnc(Cc1ccncc1)c3ccccc23)cc4,0.18085106382978725,<0.30,1173,514,False,False
167577,1,0.41422,0.5612012903225807,OC(=O)c2cc(NCc1cc(O)ccc1O)ccc2O,0.11578947368421053,<0.30,11910,11325,False,False
168890,1,0.13664,0.1807174193548387,C[C@@H](Nc2[nH]cnc3nc(c1ccccc1)cc23)c4ccccc4,0.11842105263157894,<0.30,30610,30419,False,False
171234,1,0.86931,1.1777748387096776,COc4cccc(c2cn(c1ccc(CCN(C)CCO)cc1)c3ncnc(N)c23)c4,0.15217391304347827,<0.30,798,545,False,False
174591,1,0.8243,1.0902032258064516,CN4CCN(CCCCNc3ncc2cc(c1c(Cl)cccc1Cl)c(=O)n(C)c2n3)CC4,0.15315315315315314,<0.30,1501,1437,False,False
182917,1,0.36731,0.4857970967741936,Cn3c(=O)c(c1c(Cl)cccc1Cl)cc4cnc(Nc2cccnc2)nc34,0.1728395061728395,<0.30,13895,13733,False,False
183223,1,0.45646,0.5889806451612902,COc4cccc(Nc3ncc2cc(c1c(Cl)cccc1Cl)c(=O)n(C)c2n3)c4,0.20987654320987653,<0.30,10380,10560,False,False
183299,1,0.95547,1.279096935483871,CCn3c(=O)c(c1c(Cl)cccc1Cl)cc4cnc(Nc2ccncc2)nc34,0.17142857142857143,<0.30,45,93,True,True
188932,1,0.41832,0.5195264516129032,Brc4cccc(Nc2c(C#N)cnc3ccc(NC(=O)C#CCN1CCSCC1)cc23)c4,0.19148936170212766,<0.30,11752,12594,False,False
19081,1,0.35728,0.47253161290322576,Oc4ccc(c3nc(c1ccc(F)cc1)c(c2ccncc2)[nH]3)cc4,0.10204081632653061,<0.30,14371,14184,False,False
195456,1,0.89699,1.244211935483871,COc3cc(\C=C(/C#N)C(=O)c1ccc(O)c(O)c1)cc(CSCc2ccccc2)c3O,0.11956521739130435,<0.30,494,213,False,True
195618,1,0.80046,1.045762258064516,COc2cc(\C=C(/C#N)C(N)=O)cc(CSc1ccccc1)c2O,0.12941176470588237,<0.30,1925,1971,False,False
195827,1,0.8137,1.0630596774193548,COc2cc(\C=C(/C#N)C(N)=O)cc(CSc1ccccn1)c2O,0.14772727272727273,<0.30,1678,1781,False,False
196123,1,0.85557,1.1591593548387098,COc2cc(\C=C(/C#N)C(N)=O)cc(CSCc1ccccc1)c2O,0.12790697674418605,<0.30,975,696,False,False
196156,1,0.94611,1.2665666129032258,COc3cc(\C=C(/C#N)C(N)=O)cc(CSc2nc1ccccc1s2)c3O,0.13978494623655913,<0.30,88,123,True,True
196542,1,0.73913,1.001401935483871,C[C@H](Nc4cc(c2sc(C1(O)CCN(C)CC1)nc2c3ccc(F)cc3)ccn4)c5ccccc5,0.19811320754716982,<0.30,3027,2558,False,False
197604,1,0.47069,0.5845666129032258,Nc2[nH]cnc3nnc(Nc1cccc(Cl)c1)c23,0.21428571428571427,<0.30,9837,10679,False,False
197657,1,0.85616,1.1323406451612903,Clc4cccc(Nc2[nH]cnc3nnc(c1ccccc1)c23)c4,0.17333333333333334,<0.30,970,948,False,False
197658,1,0.75182,0.9822164516129033,COc4ccc(CNc2[nH]nc3ncnc(Nc1cccc(Cl)c1)c23)cc4,0.2857142857142857,<0.30,2774,2853,False,False
197863,1,0.8789,1.1340645161290321,N(c1ccccc1)c3nc[nH]c4nnc(Nc2ccccc2)c34,0.18461538461538463,<0.30,692,927,False,False
198029,1,0.96191,1.2926651612903228,Nc3ncnc4n(c1ccccc1)nc(c2ccccc2)c34,0.11578947368421053,<0.30,33,71,True,True
198030,1,0.3053,0.3742387096774194,Nc3nc(N)c2c(Nc1cccc(Cl)c1)[nH]nc2n3,0.16216216216216217,<0.30,17001,18175,False,False
198067,1,0.62686,0.8290729032258064,Clc4cccc(Nc2[nH]cnc3nnc(NCc1ccccc1)c23)c4,0.19230769230769232,<0.30,5458,5323,False,False
198256,1,0.70229,0.9175079032258063,Nc4ccc(c2[nH]nc3ncnc(Nc1cccc(Cl)c1)c23)cc4,0.2465753424657534,<0.30,3788,3817,False,False
198357,1,0.06948,0.09301354838709677,Oc4cccc(Nc2[nH]nc3ncnc(Nc1cccc(Cl)c1)c23)c4,0.2465753424657534,<0.30,34943,34838,False,False
198383,1,0.71224,0.9534825806451612,Cc4cccc(Nc2[nH]cnc3nnc(Nc1cccc(Cl)c1)c23)c4,0.21621621621621623,<0.30,3581,3245,False,False
198781,1,0.11293,0.1475375806451613,Clc4cccc(Nc2[nH]nc3ncnc(NCc1ccccc1)c23)c4,0.24,<0.30,32516,32442,False,False
205165,1,0.39379,0.533521935483871,COc4cc3c(N2CCN(C(=O)Nc1ccc(OC(C)C)cc1)CC2)ncnc3cc4OCCCN5CCCCC5,0.26666666666666666,<0.30,12780,12124,False,False
208506,1,0.75459,0.9980061290322579,CCOc4cc3ncnc(Nc2cccc(c1ccco1)c2)c3cc4OCC,0.484375,0.30-<0.50,2718,2601,False,False
208654,1,0.47075,0.5998266129032258,CCOc4cc3ncnc(Nc2cccc(c1nc[nH]n1)c2)c3cc4OCC,0.484375,0.30-<0.50,9835,10276,False,False
208922,1,0.81071,1.1114572580645163,CCOc4cc3ncnc(Nc2cccc(c1cc[nH]n1)c2)c3cc4OCC,0.484375,0.30-<0.50,1742,1177,False,False
208937,1,0.52532,0.6608864516129033,CCOc4cc3ncnc(Nc2cccc(c1cocn1)c2)c3cc4OCC,0.47692307692307695,0.30-<0.50,8133,8752,False,False
208967,1,0.91207,1.26512935483871,CCOc4cc3ncnc(Nc2cccc(c1cncs1)c2)c3cc4OCC,0.4696969696969697,0.30-<0.50,337,126,True,True
209068,1,0.66282,0.8980141935483872,CCOc4cc3ncnc(Nc2cccc(c1nccs1)c2)c3cc4OCC,0.47692307692307695,0.30-<0.50,4659,4133,False,False
209132,1,0.79497,1.102700322580645,CCOc4cc3ncnc(Nc2cccc(c1cscn1)c2)c3cc4OCC,0.47692307692307695,0.30-<0.50,2016,1268,False,False
210689,1,0.8213,1.0862354838709678,Brc4cccc(Nc2ncnc3cc(NCCCn1ccnc1)ncc23)c4,0.32051282051282054,0.30-<0.50,1555,1482,False,False
210891,1,0.83347,1.1023312903225806,CN4CCN(CCCNc3cc2ncnc(Nc1cccc(Br)c1)c2cn3)CC4,0.34210526315789475,0.30-<0.50,1334,1276,False,False
210892,1,0.66325,0.8665040322580645,Brc4cccc(Nc2ncnc3cc(NCCCN1(=O)CCOCC1)ncc23)c4,0.3125,0.30-<0.50,4649,4664,False,False
210896,1,0.86753,1.1753632258064517,Brc4cccc(Nc2ncnc3cc(NCCCN1CCOCC1)ncc23)c4,0.32051282051282054,0.30-<0.50,823,564,False,False
210898,1,0.86798,1.1759729032258066,Brc4cccc(Nc2ncnc3cc(NCCN1CCOCC1)ncc23)c4,0.32894736842105265,0.30-<0.50,818,556,False,False
211337,1,0.86012,1.1514509677419353,Brc4cccc(Nc2ncnc3cc(NCCc1c[nH]cn1)ncc23)c4,0.3333333333333333,0.30-<0.50,921,759,False,False
211352,1,0.253,0.3468548387096774,Brc4cccc(Nc2ncnc3cc(NCCCCN1CCOCC1)ncc23)c4,0.3333333333333333,0.30-<0.50,20414,19564,False,False
215226,1,0.44168,0.6055290322580645,CO[C@H]2[C@@H](N(C)Cc1ccccc1)C[C@@H]6O[C@@]2(C)n8c3ccccc3c9c4CNC(=O)c4c7c5ccccc5n6c7c89,0.10569105691056911,<0.30,10897,10122,False,False
215431,1,0.94061,1.3047170967741937,CN[C@H]1C[C@@H]4O[C@](C)([C@H]1OC)n3c2ccccc2c8c3c6n4c5ccccc5c6c7c(=O)[nH]c(=O)c78,0.11818181818181818,<0.30,113,47,True,True
215778,1,0.85024,1.1793651612903226,CN[C@H]1C[C@@H]5O[C@](C)([C@H]1OC)n7c2ccccc2c8c3[C@@H](O)NC(=O)c3c6c4ccccc4n5c6c78,0.11965811965811966,<0.30,1061,539,False,False
222109,1,0.97296,1.3025109677419355,COc3cc2ncnc(Oc1cccc(Cl)c1)c2cc3OC,0.3076923076923077,0.30-<0.50,14,51,True,True
222110,1,0.9482,1.2540709677419355,COc3cc2ncnc(Sc1cccc(Cl)c1)c2cc3OC,0.30303030303030304,0.30-<0.50,77,163,True,True
223051,1,0.74272,0.9463690322580646,COc4cc3cc2ncc(C#N)c(Nc1ccc(F)c(Cl)c1)c2cc3cc4OC,0.24358974358974358,<0.30,2953,3346,False,False
225005,1,0.7428,0.9704322580645162,Brc4cccc(Nc2ncnc3ccc(NN=NCc1ccccn1)cc23)c4,0.32,0.30-<0.50,2950,3012,False,False
225146,1,0.83632,1.1195896774193548,Brc4cccc(Nc2ncnc3ccc(NN=NCCN1CCOCC1)cc23)c4,0.3,0.30-<0.50,1288,1087,False,False
225563,1,0.70725,0.9239879032258065,Brc4cccc(Nc2ncnc3ccc(NN=NCc1ccccc1)cc23)c4,0.3333333333333333,0.30-<0.50,3677,3724,False,False
228436,1,0.42415,0.5609725806451613,Brc4cccc(Nc2ncnc3cnc(NC(=O)/C=C/C(=O)NCCCn1ccnc1)cc23)c4,0.2696629213483146,<0.30,11527,11329,False,False
228463,1,0.38705,0.4806911290322581,Fc4ccc(Nc2ncnc3cnc(NC(=O)/C=C/C(=O)NCCCN1CCOCC1)cc23)cc4Cl,0.2818181818181818,<0.30,13070,13916,False,False
228629,1,0.13584,0.17089548387096773,Brc4cccc(Nc2ncnc3cnc(NC(=O)\C=C\c1ccccc1)cc23)c4,0.3026315789473684,0.30-<0.50,30675,31022,False,False
228667,1,0.55403,0.7238133870967742,Brc4cccc(Nc2ncnc3ccc(N(CCCN1CCOCC1)C(=O)C=C)cc23)c4,0.2727272727272727,<0.30,7280,7336,False,False
241135,1,0.83983,1.097197258064516,Oc2ccc(\C=C(/C#N)C(=O)NCCNC(=O)C(=C/c1ccc(O)c(O)c1)/C#N)cc2O,0.0945945945945946,<0.30,1226,1344,False,False
241212,1,0.60406,0.8476325806451614,Oc2ccc(\C=C(/C#N)C(=O)NCCCCCCNC(=O)C(=C/c1ccc(O)c(O)c1)/C#N)cc2O,0.09090909090909091,<0.30,5997,5012,False,False
241213,1,0.489,0.6704032258064516,Oc2ccc(\C=C(/C#N)C(=O)NCCCCCNC(=O)C(=C/c1ccc(O)c(O)c1)/C#N)cc2O,0.09090909090909091,<0.30,9223,8518,False,False
241220,1,0.77926,1.0054967741935483,Oc2ccc(\C=C(/C#N)C(=O)NCCCCNC(=O)C(=C/c1ccc(O)c(O)c1)/C#N)cc2O,0.09210526315789473,<0.30,2262,2502,False,False
241681,1,0.37922,0.513781935483871,Oc2ccc(\C=C(/C#N)S(=O)(=O)C(=C/c1ccc(O)c(O)c1)/C#N)cc2O,0.07368421052631578,<0.30,13381,12781,False,False
252075,1,0.61717,0.8262114516129032,COc4ccc3[nH]c2ncnc(Nc1cccc(Br)c1)c2c3c4,0.3142857142857143,0.30-<0.50,5668,5362,False,False
252252,1,0.72831,0.9397548387096775,Brc3cccc(Nc1ncnc2ccsc12)c3,0.31746031746031744,0.30-<0.50,3227,3442,False,False
252312,1,0.64524,0.8637890322580645,Cc2cccc(Nc1cc(NCCO)ncn1)c2,0.25757575757575757,<0.30,5028,4713,False,False
252313,1,0.67056,0.8652387096774193,Brc3cccc(Nc1ncnc2sccc12)c3,0.31746031746031744,0.30-<0.50,4475,4685,False,False
252333,1,0.90081,1.1623354838709676,C(Nc2ncnc3c1ccccc1sc23)c4ccccc4,0.18571428571428572,<0.30,455,673,False,False
252587,1,0.94033,1.236833870967742,Nc4ccc3sc2c(Nc1cccc(Br)c1)ncnc2c3c4,0.2676056338028169,<0.30,115,236,True,True
252755,1,0.1822,0.23215806451612903,Brc4cccc(Nc1ncnc3c1ccc2[nH]cnc23)c4,0.29411764705882354,<0.30,26467,26818,False,False
252756,1,0.12901,0.16022209677419358,Brc4cccc(Nc2ncnc3ccc1cc[nH]c1c23)c4,0.2898550724637681,<0.30,31261,31703,False,False
252758,1,0.91126,1.2199125806451612,Brc4cccc(Nc2ncnc3ccc1[nH]cnc1c23)c4,0.2898550724637681,<0.30,342,315,True,True
252806,1,0.94371,1.2481325806451613,Brc4cccc(Nc2ncnc3c1ccccc1oc23)c4,0.27941176470588236,<0.30,100,195,True,True
252808,1,0.93307,1.2190108064516127,Brc4cccc(Nc1ncnc3c1sc2ncsc23)c4,0.2571428571428571,<0.30,161,322,True,True
252860,1,0.95232,1.2356209677419354,Brc4cccc(Nc2ncnc3c1cccnc1sc23)c4,0.2714285714285714,<0.30,58,240,True,True
2636,1,0.7079,0.9476725806451612,COC(=O)Cn2cc(c1cccc(Cl)c1)c(=O)c3c(O)cc(OC)cc23,0.13761467889908258,<0.30,3667,3320,False,False
272413,1,0.72123,0.9655175806451612,Brc4cccc(Nc2ncnc3cnc(NCCCN1CCOCC1)cc23)c4,0.3037974683544304,0.30-<0.50,3389,3086,False,False
272568,1,0.82863,1.12266,Brc4cccc(Nc2ncnc3cnc(NCCN1CCOCC1)cc23)c4,0.3116883116883117,0.30-<0.50,1416,1059,False,False
272878,1,0.75224,1.0312967741935486,CN4CCN(NCCCNc3cc2c(Nc1cccc(Br)c1)ncnc2cn3)CC4,0.32051282051282054,0.30-<0.50,2766,2154,False,False
273000,1,0.75875,1.003508064516129,Brc4cccc(Nc2ncnc3cnc(NCc1cccnc1)cc23)c4,0.3287671232876712,0.30-<0.50,2646,2528,False,False
273013,1,0.8022,1.086851612903226,Brc4cccc(Nc2ncnc3cnc(NCCCn1ccnc1)cc23)c4,0.3037974683544304,0.30-<0.50,1891,1476,False,False
273047,1,0.78312,1.0104774193548387,Brc4cccc(Nc2ncnc3cnc(NCCc1c[nH]cn1)cc23)c4,0.3157894736842105,0.30-<0.50,2196,2441,False,False
273103,1,0.76817,1.003576935483871,Brc4cccc(Nc2ncnc3cnc(NCCc1ccccn1)cc23)c4,0.32432432432432434,0.30-<0.50,2473,2526,False,False
273523,1,0.53118,0.7025283870967741,CN4CCN(c3cc2c(Nc1cccc(Br)c1)ncnc2cn3)CC4,0.34285714285714286,0.30-<0.50,7952,7768,False,False
2753,1,0.86667,1.1043053225806452,O=c3[nH]c(=O)c4cc(Nc1ccccc1)c(Nc2ccccc2)cc34,0.14285714285714285,<0.30,834,1250,False,False
2809,1,0.65661,0.8790101612903226,Oc3cc(O)c2c(O)c(c1cccc(Cl)c1)cnc2c3,0.13541666666666666,<0.30,4790,4457,False,False
281739,1,0.93922,1.272491612903226,NC(=O)CN4CCC(n2cc(c1cccc(O)c1)c3c(N)ncnc23)C4,0.13157894736842105,<0.30,120,107,True,True
281763,1,0.53365,0.7230096774193548,Oc4ccc(O)c(CNc3ccc(O)c(C(=O)Oc2ccc1ccccc1c2)c3)c4,0.12380952380952381,<0.30,7864,7349,False,False
281793,1,0.60291,0.8265701612903226,Oc4ccc(O)c(CNc3ccc(O)c(C(=O)Oc1cccc2ccccc12)c3)c4,0.15384615384615385,<0.30,6025,5355,False,False
281860,1,0.94009,1.258507580645161,Nc3ncnc4n(C1CCCC1)cc(c2cccc(O)c2)c34,0.125,<0.30,116,148,True,True
281928,1,0.95149,1.255093870967742,Nc3ncnc4n(C1CCC1)cc(c2cccc(O)c2)c34,0.125,<0.30,61,160,True,True
282435,1,0.16622,0.21179645161290322,Oc3ccc(O)c(CNc2ccc(O)c(C(=O)OCCCc1ccccc1)c2)c3,0.14285714285714285,<0.30,27961,28306,False,False
282436,1,0.16686,0.20453806451612905,Oc3ccc(O)c(CNc2ccc(O)c(C(=O)OCCc1ccccc1)c2)c3,0.14563106796116504,<0.30,27898,28837,False,False
282482,1,0.93382,1.265175483870968,Nc3ncnc4n(C(CO)Cc1ccccc1)cc(c2ccccc2)c34,0.13861386138613863,<0.30,157,125,True,True
282631,1,0.92952,1.2743419354838712,NC(=O)CN4CCC(n2cc(c1cccc(O)c1)c3c(N)ncnc23)CC4,0.13392857142857142,<0.30,199,103,True,True
282739,1,0.2731,0.3700064516129033,Oc3ccc(O)c(CNc2ccc(O)c(C(=O)OCc1ccccc1)c2)c3,0.15,<0.30,19029,18387,False,False
282768,1,0.3526,0.4549677419354839,Oc3ccc(O)c(CNc2ccc(O)c(C(=O)NOCc1ccccc1)c2)c3,0.14705882352941177,<0.30,14583,14835,False,False
282784,1,0.71607,1.0048079032258066,Oc3ccc(O)c(CNc2ccc(O)c(C(=O)Oc1ccccc1)c2)c3,0.12871287128712872,<0.30,3497,2512,False,False
283043,1,0.37654,0.5162241935483871,Oc3ccc(O)c(CNc2ccc(O)c(C(=O)OCCCCc1ccccc1)c2)c3,0.14150943396226415,<0.30,13475,12700,False,False
2867,1,0.67014,0.886314193548387,Oc3cc(O)c2c(=O)c(c1cccc(Cl)c1)coc2c3,0.12121212121212122,<0.30,4483,4336,False,False
287552,1,0.40448,0.5153858064516129,Brc4cccc(Nc2ncnc3cc1nccnc1cc23)c4,0.4067796610169492,0.30-<0.50,12319,12727,False,False
288714,1,0.87929,1.162931935483871,Brc4cccc(Nc2ncnc3cc1c[nH]nc1cc23)c4,0.390625,0.30-<0.50,687,670,False,False
28878,1,0.83153,1.113177258064516,CN4CCC(O)(c3nc(c1ccc(F)cc1)c(c2ccncc2)o3)CC4,0.14432989690721648,<0.30,1364,1153,False,False
288833,1,0.88675,1.1441935483870969,Brc4cccc(Nc2ncnc3cc1[nH]nnc1cc23)c4,0.36923076923076925,0.30-<0.50,590,827,False,False
290482,1,0.20111,0.24327822580645164,Cn3cnc4cc2ncnc(Nc1cccc(Br)c1)c2cc34,0.38461538461538464,0.30-<0.50,24721,26012,False,False
290483,1,0.86346,1.1141419354838709,Brc4cccc(Nc2ncnc3cc1ncsc1cc23)c4,0.3968253968253968,0.30-<0.50,885,1137,False,False
299026,1,0.32818,0.47639032258064523,CCOc4cc3ncc(C#N)c(Nc2ccc(OCc1cccc(Cl)c1)c(Cl)c2)c3cc4NC(=O)\C=C\CN(C)C,0.2905982905982906,<0.30,15771,14060,False,False
299031,1,0.21734,0.28744967741935484,COc4cc3ncc(C#N)c(Nc2ccc(NCc1cccnc1)c(Cl)c2)c3cc4NC(=O)\C=C\CN(C)C,0.22580645161290322,<0.30,23345,23093,False,False
299035,1,0.35656,0.48883225806451613,CCOc4cc3ncc(C#N)c(Nc2ccc(OCc1ccco1)c(Cl)c2)c3cc4NC(=O)\C=C\CN(C)C,0.256198347107438,<0.30,14406,13642,False,False
299039,1,0.48193,0.6373912903225807,CCOc4cc3ncc(C#N)c(Nc2ccc(OCc1nccn1C)c(Cl)c2)c3cc4NC(=O)\C=C\CN(C)C,0.224,<0.30,9459,9306,False,False
299045,1,0.59424,0.7955148387096773,COc4cc3ncc(C#N)c(Nc2ccc(Sc1nccn1C)c(Cl)c2)c3cc4NC(=O)\C=C\CN(C)C,0.20952380952380953,<0.30,6241,5918,False,False
299046,1,0.38174,0.5541387096774194,CCOc5cc4ncc(C#N)c(Nc3ccc2n(S(=O)(=O)c1ccccc1)ccc2c3)c4cc5NC(=O)\C=C\CN(C)C,0.19626168224299065,<0.30,13277,11519,False,False
299053,1,0.24635,0.3377379032258065,CCOc5cc4ncc(C#N)c(Nc3ccc2N(Cc1ccccc1)CCc2c3)c4cc5NC(=O)\C=C\CN(C)C,0.19811320754716982,<0.30,20879,20020,False,False
299055,1,0.11902,0.15549387096774192,CCOc4cc3ncc(C#N)c(Nc2ccc(OCc1ccccc1)c(Cl)c2)c3cc4NC(=O)\C=C\CN5CCCCC5,0.2644628099173554,<0.30,32045,31988,False,False
299056,1,0.28454,0.4038632258064517,CCOc4cc3ncc(C#N)c(Nc2ccc(OCc1cccs1)c(Cl)c2)c3cc4NC(=O)\C=C\CN(C)C,0.2459016393442623,<0.30,18278,16852,False,False
299058,1,0.3082,0.3976774193548387,CCOc4cc3ncc(C#N)c(Nc2ccc(OCc1ccccc1)c(Cl)c2)c3cc4NC(=O)\C=C\CN5CCCC5,0.26666666666666666,<0.30,16852,17105,False,False
299062,1,0.48787,0.6609851612903227,COc4cc3ncc(C#N)c(Nc2ccc(NCNc1ccccc1)c(Cl)c2)c3cc4NC(=O)\C=C\CN(C)C,0.24489795918367346,<0.30,9266,8748,False,False
299068,1,0.0915,0.11806451612903225,CCOc4cc3ncc(C#N)c(Nc2ccc(Oc1ccccc1)c(Cl)c2)c3cc4NC(=O)\C=C\CN(C)C,0.21487603305785125,<0.30,33916,33918,False,False
299082,1,0.35793,0.4676182258064516,CCOc4cc3ncc(C#N)c(Nc2ccc(OCc1ccccc1)c(Cl)c2)c3cc4NC(=O)\C=C\CN5CCC5,0.26666666666666666,<0.30,14340,14377,False,False
299089,1,0.27328,0.4011045161290323,CCOc4cc3ncc(C#N)c(Nc2ccc(OCc1ccccc1)c(Cl)c2)c3cc4NC(=O)\C=C\c5cn(C)cn5,0.2540983606557377,<0.30,19017,16958,False,False
299090,1,0.31987,0.4694866129032258,CCOc4cc3ncc(C#N)c(Nc2ccc(OCc1ccccc1)c(Cl)c2)c3cc4NC(=O)C(=C)CN5CCOCC5,0.26229508196721313,<0.30,16232,14315,False,False
299092,1,0.51746,0.6593441935483871,CCOc4cc3ncc(C#N)c(Nc2ccc(OCC1CCCCC1)c(Cl)c2)c3cc4NC(=O)\C=C\CN(C)C,0.20967741935483872,<0.30,8361,8790,False,False
299097,1,0.57386,0.7404645161290323,CCOc4cc3ncc(C#N)c(Nc2ccc(NCc1ccccc1)c(Cl)c2)c3cc4NC(=O)\C=C\CN(C)C,0.23140495867768596,<0.30,6782,6971,False,False
299120,1,0.35079,0.5035533870967742,CCOc4cc3ncc(C#N)c(Nc2ccc(OCc1ccccn1)c(Cl)c2)c3cc4NC(=O)\C=C\CN(C)C,0.23770491803278687,<0.30,14667,13116,False,False
299123,1,0.27627,0.414405,CCOc4cc3ncc(C#N)c(Nc2ccc(OCCc1ccccc1)c(Cl)c2)c3cc4NC(=O)\C=C\CN(C)C,0.2396694214876033,<0.30,18829,16395,False,False
299125,1,0.17686,0.2339116129032258,CCOc5cc4ncc(C#N)c(Nc3ccc2n(Cc1ccccc1)ccc2c3)c4cc5NC(=O)\C=C\CN(C)C,0.2,<0.30,26963,26687,False,False
299136,1,0.64505,0.8679048387096774,COc4cc3ncc(C#N)c(Nc2ccc(n1ccnc1)c(Cl)c2)c3cc4NC(=O)\C=C\CN(C)C,0.20588235294117646,<0.30,5034,4643,False,False
299146,1,0.22959,0.344385,CCOc4cc3ncc(C#N)c(Nc2ccc(OCc1ccccc1)c(Cl)c2)c3cc4NC(=O)\C=C\CN5CCOCC5,0.27049180327868855,<0.30,22265,19685,False,False
299149,1,0.34176,0.468541935483871,COc4cc3ncc(C#N)c(Nc2ccc(Sc1ncccn1)c(Cl)c2)c3cc4NC(=O)\C=C\CN(C)C,0.2222222222222222,<0.30,15129,14340,False,False
299152,1,0.58729,0.7672659677419355,CCOc4cc3ncc(C#N)c(Nc2ccc(OCc1cccnc1)c(Cl)c2)c3cc4NC(=O)\C=C\CN(C)C,0.26666666666666666,<0.30,6400,6438,False,False
299158,1,0.2471,0.34673709677419357,COc5cc4ncc(C#N)c(Nc3ccc2n(Cc1ccccc1)ncc2c3)c4cc5NC(=O)\C=C\CN(C)C,0.21359223300970873,<0.30,20820,19570,False,False
299162,1,0.30299,0.4182595161290323,CCOc4cc3ncc(C#N)c(Nc2ccc(Oc1ccncc1)c(Cl)c2)c3cc4NC(=O)\C=C\CN(C)C,0.2032520325203252,<0.30,17151,16251,False,False
299211,1,0.47178,0.6087483870967741,COc4cc3ncc(C#N)c(Nc2ccc(Sc1nccs1)c(Cl)c2)c3cc4NC(=O)\C=C\CN(C)C,0.2,<0.30,9801,10039,False,False
299219,1,0.28336,0.41132903225806455,CCOc4cc3ncc(C#N)c(Nc2ccc(OCc1ccccc1)c(Cl)c2)c3cc4NC(=O)\C=C\Cc5c[nH]cn5,0.25203252032520324,<0.30,18360,16536,False,False
299237,1,0.20725,0.2807903225806452,CCOc4cc3ncc(C#N)c(Nc2ccc(Cn1ccnc1)c(Cl)c2)c3cc4NC(=O)\C=C\CN(C)C,0.18867924528301888,<0.30,24199,23535,False,False
299238,1,0.32629,0.4683840322580646,CCOc5cc4ncc(C#N)c(Nc3ccc(O[C@@H]1CCc2ccccc12)c(Cl)c3)c4cc5NC(=O)\C=C\CN(C)C,0.1984732824427481,<0.30,15867,14345,False,False
300114,1,0.95168,1.3814709677419355,Fc5cccc(COc4ccc(Nc2ncnc3nn1ccccc1c23)cc4Cl)c5,0.43956043956043955,0.30-<0.50,59,4,True,True
300180,1,0.79195,0.9452306451612904,Fc4ccc(Nc2ncnc3nn1ccccc1c23)cc4Cl,0.24210526315789474,<0.30,2061,3364,False,False
309937,1,0.36098,0.4774251612903226,COc4cc3ncnc(Nc2cc(NC(=O)c1ccccc1)c(F)cc2F)c3cc4OC,0.36619718309859156,0.30-<0.50,14201,14024,False,False
318927,1,0.48306,0.6388858064516129,CN4CCN(c3cc2ncnc(Nc1cc(Cl)c(Cl)cc1F)c2cc3NC(=O)C=C)CC4,0.22093023255813954,<0.30,9424,9262,False,False
326966,1,0.87632,1.2720774193548388,CCc5c(NC(=O)OCc1ccccc1)cn6ncnc(Nc4ccc3n(Cc2ccccc2)ncc3c4)c56,0.21739130434782608,<0.30,718,109,False,True
326992,1,0.11559,0.15534435483870968,CCc5c(C(=O)NCCCn1ccnc1)cn6ncnc(Nc4ccc3n(Cc2ccccc2)ncc3c4)c56,0.1935483870967742,<0.30,32316,32001,False,False
326999,1,0.88677,1.315852258064516,CCc5c(C(=O)OCCCn1ccnc1)cn6ncnc(Nc4ccc3n(Cc2ccccc2)ncc3c4)c56,0.19230769230769232,<0.30,588,35,False,True
327000,1,0.86318,1.2390809677419354,CCc5c(NC(=O)OCCn1ccnc1)cn6ncnc(Nc4ccc3n(Cc2ccccc2)ncc3c4)c56,0.19047619047619047,<0.30,889,226,False,True
327039,1,0.78348,1.0362154838709676,CCOC(=O)c3cn2ncnc(Nc1cccc(Br)c1)c2c3CC,0.25,<0.30,2191,2095,False,False
327040,1,0.89552,1.1832335483870966,CCOC(=O)c4cn3ncnc(Nc2ccc1[nH]ncc1c2)c3c4CC,0.19318181818181818,<0.30,506,511,False,False
327047,1,0.74118,0.9444067741935483,CCOC(=O)c3cn2ncnc(NCc1ccccc1)c2c3CC,0.17307692307692307,<0.30,2982,3378,False,False
327055,1,0.91678,1.2125154838709677,CCOC(=O)c4cn3ncnc(Nc2ccc(Oc1ccccc1)cc2)c3c4CC,0.19047619047619047,<0.30,293,343,True,True
327079,1,0.90276,1.2958974193548387,CCc4c(C(O)=O)cn5ncnc(Nc3ccc2n(Cc1ccccc1)ncc2c3)c45,0.21100917431192662,<0.30,431,60,False,True
327598,1,0.84851,1.2043367741935485,COc5cc(ON1CCC(C)CC1)c4c(Nc3ccc(OCc2ccccn2)c(Cl)c3)ncnc4c5,0.28703703703703703,<0.30,1087,387,False,False
327605,1,0.92747,1.3463274193548387,CN5CCC(Oc3cccc4ncnc(Nc2ccc(OCc1cccc(F)c1)c(Cl)c2)c34)CC5,0.44680851063829785,0.30-<0.50,208,14,True,True
327620,1,0.91623,1.344789193548387,CN5CCC(Oc3cccc4ncnc(Nc2ccc(OCc1ccccn1)c(Cl)c2)c34)CC5,0.3106796116504854,0.30-<0.50,301,15,True,True
327627,1,0.93332,1.365190806451613,CN5CCC(Oc3cccc4ncnc(Nc2ccc(OCc1cnccn1)c(Cl)c2)c34)CC5,0.3047619047619048,0.30-<0.50,160,9,True,True
327628,1,0.86846,1.2466603225806452,CN5CCC(Oc3cccc4ncnc(Nc2ccc(OCc1cscn1)c(Cl)c2)c34)CC5,0.3047619047619048,0.30-<0.50,807,198,False,True
32829,1,0.86928,1.1496929032258065,COc3cc2c(Nc1ccc(Cl)cc1F)ncnc2cc3OCC4CCCN(C)C4,0.32098765432098764,0.30-<0.50,799,772,False,False
33600,1,0.54428,0.7286329032258064,COc3cc2c(Nc1ccc(Br)cc1F)ncnc2cc3OCCn4ccnn4,0.3684210526315789,0.30-<0.50,7555,7222,False,False
338094,1,0.10881,0.142155,COc4cc3c(Nc2ncc(CC(=O)Nc1cccc(F)c1)s2)ncnc3cc4OCCCN5CCC(CO)CC5,0.3404255319148936,0.30-<0.50,32798,32739,False,False
33858,1,0.23342,0.30118709677419353,COc3cc2c(Nc1ccc(Cl)cc1F)ncnc2cc3OCCCN4CCCC4,0.3684210526315789,0.30-<0.50,21926,22175,False,False
33859,1,0.81138,1.046941935483871,COc3cc2c(Nc1ccc(Cl)cc1F)ncnc2cc3OCCN4CCOCC4,0.358974358974359,0.30-<0.50,1728,1951,False,False
33863,1,0.7774,1.0657903225806453,COc3cc2c(Nc1ccc(Cl)cc1F)ncnc2cc3OCCN4CCN(C)CC4,0.3684210526315789,0.30-<0.50,2292,1741,False,False
339004,1,0.30594,0.42930290322580644,Fc4ccc(Nc2ncnc3cnc(NC(=O)C#CCN1CCOCC1)cc23)cc4Cl,0.2830188679245283,<0.30,16976,15775,False,False
339072,1,0.13614,0.16468548387096776,Fc4ccc(Nc2ncnc3ccc(NC(=O)C#CCCN1CCOCC1)cc23)cc4Cl,0.3076923076923077,0.30-<0.50,30649,31423,False,False
339245,1,0.72039,0.9527738709677419,Fc4ccc(Nc2ncnc3cnc(NC(=O)C#CCCN1CCOCC1)cc23)cc4Cl,0.2777777777777778,<0.30,3409,3254,False,False
339255,1,0.76398,0.9857806451612903,Fc4ccc(Nc2ncnc3cnc(NC(=O)C#CCCN1CCCCC1)cc23)cc4Cl,0.27102803738317754,<0.30,2554,2804,False,False
339482,1,0.12827,0.1634408064516129,CN4CCN(CCC#CC(=O)Nc3cc2c(Nc1ccc(F)c(Cl)c1)ncnc2cn3)CC4,0.2803738317757009,<0.30,31306,31506,False,False
33959,1,0.17065,0.21744112903225807,COc3cc2c(Nc1ccc(Cl)cc1F)ncnc2cc3OCCN(C)c4ccncc4,0.358974358974359,0.30-<0.50,27555,27864,False,False
342180,1,0.88902,1.201863870967742,COCCOc4cc(OC1CCOCC1)c3c(Nc2ccc(F)c(Cl)c2)ncnc3c4,0.3333333333333333,0.30-<0.50,570,405,False,False
342224,1,0.63003,0.7926183870967741,COc4cc3CNc2c(Nc1cccc(Br)c1)ncnc2Oc3cc4OC,0.2894736842105263,<0.30,5381,5969,False,False
342355,1,0.85409,1.115827258064516,CN5CCN(CCCOc4cc(OC1CCOCC1)c3c(Nc2ccc(F)c(Cl)c2)ncnc3c4)CC5,0.25892857142857145,<0.30,998,1120,False,False
342715,1,0.86603,1.1592824193548386,CCCN4CCC(Oc2cc(OC)cc3ncnc(Nc1ccc(F)c(Cl)c1)c23)CC4,0.27358490566037735,<0.30,845,695,False,False
342771,1,0.84597,1.105218870967742,COc4cc(OC1CCOC1)c3c(Nc2ccc(F)c(Cl)c2)ncnc3c4,0.27184466019417475,<0.30,1120,1234,False,False
34347,1,0.31304,0.3837264516129032,COc3cc2c(Nc1ccc(Br)cc1F)ncnc2cc3OCCC4CCNCC4,0.36363636363636365,0.30-<0.50,16576,17747,False,False
34543,1,0.20043,0.25215387096774194,COc3cc2c(Nc1ccc(Cl)cc1F)ncnc2cc3OC/C=C/CN4CCCC4,0.32098765432098764,0.30-<0.50,24777,25405,False,False
345449,1,0.91644,1.3155348387096775,Fc4cccc(COc3ccc(Nc1ncncc1C#Cc2cccnc2)cc3Cl)c4,0.41935483870967744,0.30-<0.50,297,37,True,True
345702,1,0.66475,0.8577419354838709,CC(=O)Nc4cccc(C#Cc1cncnc1Nc3ccc(OCc2cccc(F)c2)c(Cl)c3)c4,0.41836734693877553,0.30-<0.50,4613,4827,False,False
345816,1,0.91287,1.3104101612903225,Fc4cccc(COc3ccc(Nc1ncncc1C#Cc2ncccn2)cc3Cl)c4,0.43333333333333335,0.30-<0.50,328,40,True,True
345832,1,0.92616,1.359363870967742,Fc4cccc(COc3ccc(Nc1ncncc1C#Cc2ccccn2)cc3Cl)c4,0.41935483870967744,0.30-<0.50,216,11,True,True
345837,1,0.90265,1.2957395161290322,Fc4cccc(COc3ccc(Nc1ncncc1C#Cc2cc[nH]n2)cc3Cl)c4,0.4148936170212766,0.30-<0.50,432,61,False,True
345838,1,0.76439,1.1095983870967743,Nc4nccc(C#Cc1cncnc1Nc3ccc(OCc2cccc(F)c2)c(Cl)c3)n4,0.4166666666666667,0.30-<0.50,2546,1190,False,False
345875,1,0.85086,1.1874322580645162,OCc4nc(C#Cc1cncnc1Nc3ccc(OCc2cccc(F)c2)c(Cl)c3)cs4,0.40404040404040403,0.30-<0.50,1048,483,False,False
345880,1,0.7882,1.1441612903225806,OCc4ccc(C#Cc1cncnc1Nc3ccc(OCc2cccc(F)c2)c(Cl)c3)o4,0.4574468085106383,0.30-<0.50,2114,828,False,False
345952,1,0.82011,1.1243443548387098,COc3cc2ncnc(Nc1cccc(Cl)c1F)c2cc3CN4CCCC[C@@H]4C(N)=O,0.3068181818181818,0.30-<0.50,1568,1042,False,False
345962,1,0.9373,1.300125806451613,COc3cc2ncnc(Nc1cccc(Cl)c1F)c2cc3CN4CCOCC4C(N)=O,0.3,0.30-<0.50,133,54,True,True
346244,1,0.88949,1.205115483870968,COc3cc2ncnc(Nc1cccc(Cl)c1F)c2cc3CN4CC(C(N)=O)C4,0.32926829268292684,0.30-<0.50,564,383,False,False
346354,1,0.62625,0.8383669354838709,COc3cc2ncnc(Nc1ccc(F)c(Cl)c1)c2cc3CN4CCC[C@@H]4C(N)=O,0.313953488372093,0.30-<0.50,5468,5162,False,False
346691,1,0.79716,1.0800232258064517,COc3cc2ncnc(Nc1cccc(Cl)c1F)c2cc3CN(C)C4CCNC4=O,0.313953488372093,0.30-<0.50,1973,1555,False,False
346759,1,0.80175,1.084043870967742,COc3cc2ncnc(Nc1cccc(Cl)c1F)c2cc3CN4CCN(C)CC4C(N)=O,0.30337078651685395,0.30-<0.50,1898,1501,False,False
347054,1,0.84233,1.1819791935483872,COc3cc2ncnc(Nc1cccc(Cl)c1F)c2cc3CN(C)C4(C(N)=O)CCN(C)CC4,0.3146067415730337,0.30-<0.50,1180,516,False,False
347420,1,0.59812,0.8200032258064517,COCCN4CC(N(C)Cc3cc2c(Nc1cccc(Cl)c1F)ncnc2cc3OC)(C(N)=O)C4,0.3333333333333333,0.30-<0.50,6146,5476,False,False
354312,1,0.87694,1.145679677419355,Oc3ccc(\C=c2\n(CCc1ccccc1)c(=O)[nH]c2=O)cc3,0.08823529411764706,<0.30,711,814,False,False
358465,1,0.87348,1.2679548387096775,Clc5cc(Nc3ncnc4ccc(c2ccc(CN1CCS(=O)CC1)o2)cc34)ccc5OCc6ccccc6,0.5494505494505495,0.50-<0.70,744,120,False,True
358848,1,0.88231,1.209618548387097,COc3cc2ncnc(Nc1cccc(Cl)c1F)c2cc3OCC4CCN(C)CC4,0.37662337662337664,0.30-<0.50,645,359,False,False
359057,1,0.3937,0.508,COc5cc4CNc3c(Nc2ccc1ccccc1c2)ncnc3Oc4cc5OC,0.2564102564102564,<0.30,12782,12977,False,False
359080,1,0.85365,1.1290209677419354,COc4cc3CNc2c(N[C@H](C)c1ccccc1)ncnc2Nc3cc4OC,0.2,<0.30,1009,991,False,False
359139,1,0.61192,0.7797045161290322,COc4cc3CNc2c(Oc1cccc(Br)c1)ncnc2Oc3cc4OC,0.1686746987951807,<0.30,5807,6204,False,False
359169,1,0.86363,1.1979383870967744,COc3cc2ncnc(Nc1cc(Cl)ccc1F)c2cc3OC4CCN(S(C)(=O)=O)CC4,0.2891566265060241,<0.30,884,422,False,False
361179,1,0.57556,0.7890741935483871,Brc4cccc(Nc2ncnc3ccc(NC(=O)C1CCSS1)cc23)c4,0.2948717948717949,<0.30,6728,6038,False,False
361435,1,0.8384,1.162941935483871,Clc2ccc1OCOc1c2Nc5ncnc6cc(OCCCN3CCCC3)cc(OC4CCOCC4)c56,0.18181818181818182,<0.30,1241,669,False,False
361469,1,0.4103,0.5625080645161291,Cc4nc(Nc2ncc(C(=O)Nc1c(C)cccc1Cl)s2)cc(N3CCN(CCO)CC3)n4,0.168141592920354,<0.30,12074,11287,False,False
363054,1,0.06493,0.08587516129032258,FC(F)(F)c4cccc(Nc3cc(Nc2cccc(NC(=O)C1CC1)c2)ncn3)c4,0.21333333333333335,<0.30,35092,35042,False,False
363083,1,0.69548,0.964698064516129,CCN(CCO)CCCOc4ccc3c(Nc2cc(CC(=O)Nc1cccc(F)c1)[nH]n2)ncnc3c4,0.2631578947368421,<0.30,3933,3098,False,False
365326,1,0.37598,0.4730070967741935,COc5cc(Nc3c(C#N)cnc4cc(c2coc(CN1CCN(C)CC1)c2)c(OC)cc34)c(Cl)cc5Cl,0.19791666666666666,<0.30,13506,14167,False,False
367769,1,0.87907,1.190998064516129,Cc1cccc(C)c1c5cc(C)c4nc(Nc3ccc(OCCN2CCCC2)cc3)nnc4c5,0.2,<0.30,689,462,False,False
368935,1,0.73364,0.9229664516129031,Fc4ccc(Nc2c(C#N)cnc3ccc(NCc1c[nH]cn1)cc23)cc4Cl,0.2169811320754717,<0.30,3122,3740,False,False
379004,1,0.68072,0.9003070967741935,ClCCN(CCNN=Nc3ccc2ncnc(Nc1cccc(Cl)c1)c2c3)Cc4ccccc4,0.3048780487804878,0.30-<0.50,4243,4099,False,False
379008,1,0.80336,1.0495509677419355,COc4ccc(N(CCNN=Nc3ccc2ncnc(Nc1cccc(Cl)c1)c2c3)CC(C)Cl)cc4,0.3218390804597701,0.30-<0.50,1870,1920,False,False
391668,1,0.40587,0.5302495161290323,CCOc3cc2ncnc(Nc1cc(=O)c(OC(CF)CF)cc1=O)c2cc3NC(=O)\C=C\CN(C)C,0.25274725274725274,<0.30,12265,12237,False,False
391669,1,0.55574,0.7350109677419354,CCOc4cc3ncnc(Nc2cc(=O)c(OCc1cccc(F)c1)cc2=O)c3cc4NC(=O)\C=C\CN(C)C,0.32432432432432434,0.30-<0.50,7235,7084,False,False
391672,1,0.68071,0.9661690322580646,CCOc4cc3ncnc(Nc2cc(=O)c(OCc1ccccn1)cc2=O)c3cc4NC(=O)\C=C\CN(C)C,0.26595744680851063,<0.30,4244,3071,False,False
391676,1,0.51166,0.7179745161290323,CCOc4cc3ncnc(Nc2cc(=O)c(OCc1cccs1)cc2=O)c3cc4NC(=O)\C=C\CN(C)C,0.2631578947368421,<0.30,8526,7470,False,False
393489,1,0.88149,1.2937998387096774,Fc6cccc(Cn4ncc5cc(Nc2ncnn3ccc(CN1CCNCC1)c23)ccc45)c6,0.23214285714285715,<0.30,655,67,False,True
393492,1,0.96666,1.4655812903225807,Fc6cccc(Cn4ncc5cc(Nc2ncnn3ccc(CN1CCNC(=O)C1)c23)ccc45)c6,0.23076923076923078,<0.30,24,1,True,True
393499,1,0.74603,0.9866848387096774,Fc6cccc(Cn4ncc5cc(Nc2ncnn3ccc(CN1CCNC(=O)CC1)c23)ccc45)c6,0.23076923076923078,<0.30,2898,2792,False,False
393501,1,0.86257,1.2242929032258065,O[C@H]6CNCCN(Cc4ccn5ncnc(Nc3ccc2n(Cc1cccc(F)c1)ncc2c3)c45)C6,0.2184873949579832,<0.30,894,282,False,True
393505,1,0.79681,1.1438079032258066,Fc6cccc(Cn4ncc5cc(Nc2ncnn3ccc(CN1CCNCC(=O)C1)c23)ccc45)c6,0.2288135593220339,<0.30,1983,833,False,False
408008,1,0.80042,1.0715299999999999,C6CCN(CCOc5ccc(c3oc2ncnc(NCCN1CCNCC1)c2c3c4ccccc4)cc5)C6,0.17582417582417584,<0.30,1926,1660,False,False
409285,1,0.42324,0.5188103225806452,COc4cc(Nc2c(C#N)cnc3cc(C#CCCN1CCN(C)CC1)c(OC)cc23)c(Cl)cc4Cl,0.2111111111111111,<0.30,11562,12622,False,False
411873,1,0.95376,1.3691070967741936,Cc3ccn4ncnc(Nc2ccc(OCc1cccc(F)c1)c(Cl)c2)c34,0.45454545454545453,0.30-<0.50,49,7,True,True
411876,1,0.94168,1.3062012903225806,Cc4ccn5ncnc(Nc3ccc2n(Cc1ccccn1)ncc2c3)c45,0.20238095238095238,<0.30,108,43,True,True
411895,1,0.9251,1.2235193548387098,Fc6cccc(Cn4ncc5cc(Nc2ncnn3ccc(COC1CCNCC1)c23)ccc45)c6,0.24347826086956523,<0.30,222,286,True,True
411897,1,0.88288,1.2246400000000002,Fc6cccc(Cn4ncc5cc(Nc2ncnn3ccc(COCC1CCNCC1)c23)ccc45)c6,0.23931623931623933,<0.30,638,279,False,True
411898,1,0.59759,0.7807224193548387,Fc6cccc(Cn4ncc5cc(Nc2ncnn3ccc(COC[C@H]1CCCNC1)c23)ccc45)c6,0.23140495867768596,<0.30,6166,6191,False,False
411900,1,0.09347,0.12814435483870967,Fc6cccc(Cn4ncc5cc(Nc2ncnn3ccc(COC[C@@H]1CNCCO1)c23)ccc45)c6,0.2396694214876033,<0.30,33789,33443,False,False
411903,1,0.36322,0.5096796774193548,Fc6cccc(Cn4ncc5cc(Nc2ncnn3ccc(COC[C@@H]1COCCN1)c23)ccc45)c6,0.2396694214876033,<0.30,14092,12927,False,False
411904,1,0.79679,1.079521935483871,Fc6cccc(Cn4ncc5cc(Nc2ncnn3ccc(COCC1CNCCOC1)c23)ccc45)c6,0.23770491803278687,<0.30,1984,1561,False,False
411905,1,0.88019,1.2776951612903227,Fc5cccc(COc4ccc(Nc2ncnn3ccc(COC[C@@H]1CNCCO1)c23)cc4Cl)c5,0.37383177570093457,0.30-<0.50,673,96,False,True
411907,1,0.88175,1.1519637096774193,C6CO[C@H](COCc4ccn5ncnc(Nc3ccc2n(Cc1ccccn1)ncc2c3)c45)CN6,0.16535433070866143,<0.30,653,753,False,False
411908,1,0.06048,0.07803870967741935,C6CO[C@H](COCc4ccn5ncnc(Nc3ccc2n(Cc1cccnc1)ncc2c3)c45)CN6,0.1732283464566929,<0.30,35212,35202,False,False
412189,1,0.78611,1.039693870967742,Fc6cccc(Cn4ncc5cc(Nc2ncnn3ccc(CNC1CCNCC1)c23)ccc45)c6,0.23478260869565218,<0.30,2152,2044,False,False
412199,1,0.83156,1.0998051612903226,N[C@H]6CCN(Cc4ccn5ncnc(Nc3ccc2n(Cc1cccc(F)c1)ncc2c3)c45)C6,0.22608695652173913,<0.30,1363,1315,False,False
412201,1,0.3083,0.4326145161290323,NCC6CCN(Cc4ccn5ncnc(Nc3ccc2n(Cc1cccc(F)c1)ncc2c3)c45)CC6,0.23478260869565218,<0.30,16846,15645,False,False
412219,1,0.93488,1.3721625806451614,Fc5cccc(COc4ccc(Nc2ncnn3ccc(CN1CCCNCC1)c23)cc4Cl)c5,0.3786407766990291,0.30-<0.50,149,5,True,True
412220,1,0.91073,1.3220274193548387,NC5CCN(Cc3ccn4ncnc(Nc2ccc(OCc1cccc(F)c1)c(Cl)c2)c34)CC5,0.38613861386138615,0.30-<0.50,350,31,True,True
412223,1,0.92512,1.3279948387096776,NC6CCN(Cc4ccn5ncnc(Nc3ccc2n(Cc1ccccn1)ncc2c3)c45)CC6,0.16666666666666666,<0.30,221,25,True,True
412225,1,0.73958,1.037797741935484,NC6CCN(Cc4ccn5ncnc(Nc3ccc2n(Cc1ccncc1)ncc2c3)c45)CC6,0.16071428571428573,<0.30,3014,2076,False,False
412226,1,0.95307,1.3373724193548389,Cc6cncc(Cn4ncc5cc(Nc2ncnn3ccc(CN1CCC(N)CC1)c23)ccc45)c6,0.16326530612244897,<0.30,54,20,True,True
412228,1,0.92515,1.3429596774193548,Cc5cncc(COc4ccc(Nc2ncnn3ccc(CN1CCC(N)CC1)c23)cc4Cl)c5,0.2702702702702703,<0.30,220,18,True,True
412229,1,0.89831,1.2605317741935484,NC5CCN(Cc3ccn4ncnc(Nc2ccc(OCc1ccccn1)c(Cl)c2)c34)CC5,0.2545454545454545,<0.30,474,144,False,True
412230,1,0.93787,1.3311703225806453,NC5CCN(Cc3ccn4ncnc(Nc2ccc(OCc1cnccn1)c(Cl)c2)c34)CC5,0.24107142857142858,<0.30,130,23,True,True
412231,1,0.94624,1.3583122580645162,NC5CCN(Cc3ccn4ncnc(Nc2ccc(OCc1ccccn1=O)c(Cl)c2)c34)CC5,0.24778761061946902,<0.30,87,12,True,True
413929,1,0.95282,1.3441148387096775,OCC(=O)N1CCC[C@@H]1COc4cccc5ncnc(Nc3ccc(OCc2ccccn2)c(Cl)c3)c45,0.2882882882882883,<0.30,55,17,True,True
413936,1,0.92108,1.337051612903226,C[C@H](CN(C)C(=O)CO)Oc3cccc4ncnc(Nc2ccc(OCc1ccccn1)c(Cl)c2)c34,0.3055555555555556,0.30-<0.50,257,21,True,True
414113,1,0.44725,0.5482419354838709,Fc4ccc(Nc2ncnc3ccc(C#Cc1ccccc1)cc23)cc4Cl,0.35294117647058826,0.30-<0.50,10695,11709,False,False
414132,1,0.80769,1.107316935483871,Fc4ccc(Nc2ncnc3ccc(C#CCN1CCOCC1)cc23)cc4Cl,0.3163265306122449,0.30-<0.50,1795,1215,False,False
414134,1,0.84447,1.1432670967741938,Fc4ccc(Nc2ncnc3ccc(C#CCN1CCCCC1)cc23)cc4Cl,0.30927835051546393,0.30-<0.50,1148,841,False,False
414137,1,0.54898,0.6817977419354839,COc4cc3ncnc(Nc2cccc(C#Cc1ccccc1)c2)c3cc4OC,0.6181818181818182,0.50-<0.70,7427,8245,False,False
414172,1,0.75005,1.0161967741935485,COc3cc2ncnc(C#CCOc1ccccc1)c2cc3OC,0.3384615384615385,0.30-<0.50,2806,2358,False,False
414174,1,0.83937,1.1372109677419355,COc3cc2ncnc(C#CC(C)(C)N(C)c1ccccc1)c2cc3OC,0.28169014084507044,<0.30,1232,899,False,False
414177,1,0.7388,0.9771225806451612,CCN(CC)C(C)(Cc1ccccc1)C#Cc2ncnc3cc(OC)c(OC)cc23,0.2972972972972973,<0.30,3035,2916,False,False
414180,1,0.81825,1.0822016129032257,CCN(CC)C(C)(Cc1ccncc1)C#Cc2ncnc3cc(OC)c(OC)cc23,0.27631578947368424,<0.30,1595,1523,False,False
414182,1,0.47595,0.5987758064516129,CCN(CC)C(C)(CCc1ncnc2cc(OC)c(OC)cc12)Cc3ccccc3,0.2876712328767123,<0.30,9658,10309,False,False
414183,1,0.65208,0.8834632258064516,COc3cc2ncnc(\C=C\CCc1ccccc1)c2cc3OC,0.29850746268656714,<0.30,4877,4381,False,False
414184,1,0.72331,0.9333032258064516,COc4cc3ncnc(C#Cc1ccccc1c2ccccc2)c3cc4OC,0.29411764705882354,<0.30,3334,3558,False,False
414185,1,0.93275,1.1734596774193549,CCOc3cc2ncnc(/C=C/c1ccccc1)c2cc3OCC,0.3125,0.30-<0.50,166,576,True,False
414187,1,0.92335,1.1914193548387098,CCOc3cc2ncnc(\C=C\CCCc1ccccc1)c2cc3OCC,0.2857142857142857,<0.30,239,460,True,False
414188,1,0.87388,1.1275870967741934,CCOc4cc3ncnc(C#Cc1[nH]ccc1c2ccccc2)c3cc4OCC,0.2916666666666667,<0.30,741,1009,False,False
414189,1,0.93683,1.193702741935484,CCOc4cc3ncnc(C#Cc1nccn1c2ccccc2)c3cc4OCC,0.2876712328767123,<0.30,136,444,True,False
414190,1,0.87843,1.1640774193548387,CCOc4cc3ncnc(C#Cc1c[nH]nc1c2ccc(F)cc2)c3cc4OCC,0.2631578947368421,<0.30,696,663,False,False
414192,1,0.74997,1.0160883870967743,CCOc4cc3ncnc(C#C[C@@](C)(Cc1ccccc1)N2CCC(C(O)=O)CC2)c3cc4OCC,0.27380952380952384,<0.30,2808,2360,False,False
414988,1,0.21177,0.2732516129032258,COc4cc3ncc(C#N)c(N[C@@H]1C[C@H]1c2ccccc2)c3cc4OC,0.25,<0.30,23812,24012,False,False
414991,1,0.5886,0.7689774193548387,COc4cc3ncc(C#N)c(N[C@@H]1C[C@H]1c2ccccc2)c3cc4OCc5ccccc5,0.2716049382716049,<0.30,6357,6406,False,False
414992,1,0.52328,0.6751999999999999,COc4cc3ncc(C#N)c(N[C@@H]1C[C@H]1c2ccccc2)c3cc4OCCN5CCOCC5,0.25842696629213485,<0.30,8192,8400,False,False
414993,1,0.36632,0.49630451612903226,COc4cc3ncc(C#N)c(N[C@@H]1C[C@H]1c2ccccc2)c3cc4OCCCN5CCOCC5,0.25555555555555554,<0.30,13946,13376,False,False
414994,1,0.55426,0.7509329032258065,COc4cc3ncc(C#N)c(N[C@@H]1C[C@H]1c2ccccc2)c3cc4OCCCc5cccnc5,0.25842696629213485,<0.30,7273,6758,False,False
414995,1,0.3309,0.44831612903225815,COc4cc3c(N[C@@H]1C[C@H]1c2ccccc2)c(C#N)cnc3cc4OCCCc5cccnc5,0.25842696629213485,<0.30,15642,15065,False,False
414997,1,0.36064,0.48860903225806457,COc4cc3c(N[C@@H]1C[C@H]1c2ccccc2)c(C#N)cnc3cc4OCCCN5CCOCC5,0.25555555555555554,<0.30,14215,13652,False,False
414998,1,0.29973,0.3964170967741935,COc4cc3c(N[C@@H]1C[C@H]1c2ccccc2)c(C#N)cnc3cc4OCCCN5CCN(C)CC5,0.26136363636363635,<0.30,17314,17155,False,False
414999,1,0.54094,0.7241616129032258,COc4cc3c(N[C@@H]1C[C@H]1c2ccccc2)c(C#N)cnc3cc4OC5CCN(C)CC5,0.21348314606741572,<0.30,7671,7325,False,False
415000,1,0.1722,0.21663870967741936,N#Cc4cnc3ccc(c2cccc(CN1CCOCC1)c2)cc3c4N[C@@H]5C[C@H]5c6ccccc6,0.1826086956521739,<0.30,27420,27928,False,False
415002,1,0.66201,0.8435288709677419,NCc5ccc(c4ccc3ncc(C#N)c(N[C@@H]1C[C@H]1c2ccccc2)c3c4)cc5,0.17757009345794392,<0.30,4678,5088,False,False
415004,1,0.12741,0.1644,N#Cc4cnc3ccc(c2ccc(CN1CCOCC1)cc2)cc3c4N[C@@H]5C[C@H]5c6ccccc6,0.17543859649122806,<0.30,31371,31444,False,False
415005,1,0.36861,0.46373516129032255,N#Cc4cnc3cc(c2ccc(CN1CCOCC1)cc2)ccc3c4N[C@@H]5C[C@H]5c6ccccc6,0.1452991452991453,<0.30,13844,14506,False,False
415014,1,0.72145,1.0705387096774195,COc5cc4ncc(C#N)c(N[C@@H]1C[C@H]1c3ccc(Oc2ccccc2)cc3)c4cc5OC,0.23170731707317074,<0.30,3384,1681,False,False
41513,1,0.2148,0.2806258064516129,CN4CCN(CCCOc3cc2ncnc(Nc1cccc(Br)c1)c2cc3NC(=O)C=C)CC4,0.3780487804878049,0.30-<0.50,23546,23543,False,False
41514,1,0.2447,0.32363548387096774,Brc4cccc(Nc2ncnc3cc(OCCCn1ccnc1)c(NC(=O)C=C)cc23)c4,0.35714285714285715,0.30-<0.50,21023,20814,False,False
41568,1,0.48444,0.6719651612903226,Fc4ccc(Nc2ncnc3cc(CCCCN1CCOCC1)c(NC(=O)C=C)nc23)cc4Cl,0.23478260869565218,<0.30,9376,8480,False,False
41605,1,0.73338,0.993611612903226,Fc4ccc(Nc2ncnc3cc(\C=C\CCN1CCOCC1)c(NC(=O)C=C)nc23)cc4Cl,0.24347826086956523,<0.30,3129,2685,False,False
41608,1,0.55164,0.6939987096774194,Fc3ccc(Nc1ncnc2ccc(NC(=O)C=C)nc12)cc3Cl,0.26804123711340205,<0.30,7347,7951,False,False
422317,1,0.57563,0.7334640322580644,CCN(CC)CCOc3ccc(Nc2cc(NC(=O)Nc1c(Cl)cccc1Cl)ncn2)cc3,0.25,<0.30,6723,7115,False,False
42328,1,0.71454,0.9680864516129033,CN4CCN(CCCOc3cc2ncnc(Nc1ccc(F)c(Cl)c1)c2nc3NC(=O)C=C)CC4,0.26373626373626374,<0.30,3531,3045,False,False
42389,1,0.4116,0.5576516129032258,Fc4ccc(Nc2ncnc3cc(OCCCN1CCOCC1)c(NC(=O)C=C)nc23)cc4Cl,0.25663716814159293,<0.30,12019,11419,False,False
424650,1,0.93137,1.3519887096774195,C[C@@H](Oc4cccc5ncnc(Nc3ccc2n(Cc1ccccn1)ncc2c3)c45)C(=O)N(C)C,0.25,<0.30,188,13,True,True
424670,1,0.78105,1.1337822580645163,C[C@@H](Oc4cccc5ncnc(Nc3ccc2n(Cc1nccs1)ncc2c3)c45)C(=O)N6CCOCC6,0.23232323232323232,<0.30,2226,929,False,False
42617,1,0.88867,1.2756714516129033,CN(C)c5cc4c(Nc3ccc2n(Cc1ccccc1)ncc2c3)ncnc4cn5,0.2948717948717949,<0.30,575,100,False,True
426319,1,0.1885,0.2766693548387097,Nc4ncnc(Nc3ccc2n(Cc1cccc(F)c1)ncc2c3)c4\C=N\OCc5ccccc5,0.2897196261682243,<0.30,25856,23811,False,False
426362,1,0.85628,1.1463103225806452,CCO/N=C/c1c(N)ncnc1Nc4ccc3n(Cc2cccc(F)c2)ncc3c4,0.29245283018867924,<0.30,965,807,False,False
426412,1,0.93389,1.295395806451613,CO/N=C/c1c(N)ncnc1Nc3ccc(OCc2cccc(F)c2)c(Cl)c3,0.48863636363636365,0.30-<0.50,156,63,True,True
426466,1,0.90442,1.2496708064516129,CO/N=C/c1c(N)ncnc1Nc4ccc3N(Cc2cccc(F)c2)CCc3c4,0.29523809523809524,<0.30,412,187,False,True
426468,1,0.3406,0.46695161290322584,CO/N=C/c1c(N)ncnc1Nc4ccc3n(Cc2cccc(F)c2)ccc3c4,0.30097087378640774,0.30-<0.50,15189,14399,False,False
426469,1,0.92074,1.2177529032258063,CO/N=C/c1c(N)ncnc1Nc4ccc3[nH]c(Cc2cccc(F)c2)nc3c4,0.3137254901960784,0.30-<0.50,260,324,True,True
426570,1,0.90738,1.1561777419354837,CO/N=C/c1c(N)ncnc1Nc3ccc2[nH]ncc2c3,0.23376623376623376,<0.30,383,720,False,False
427557,1,0.82667,1.0666709677419355,CC(C)c4c(c1nnc(C)o1)cn5ncnc(Nc3cnc2[nH]ccc2c3)c45,0.15384615384615385,<0.30,1449,1730,False,False
430493,1,0.81066,1.0590880645161291,CN4CCC(Nc3ncc2ncnc(Nc1ccc(F)c(Cl)c1)c2n3)CC4,0.27,<0.30,1743,1816,False,False
43264,1,0.43912,0.5878541935483871,CN(C)C/C=C/C(=O)Nc3cc2c(Nc1cccc(Br)c1)c(C#N)cnc2cn3,0.2159090909090909,<0.30,10969,10597,False,False
437112,1,0.89235,1.2584566129032257,CN5CCN(CCCOc3n[nH]c4ncnc(Nc2ccc(OCc1ccccn1)c(Cl)c2)c34)CC5,0.2777777777777778,<0.30,544,149,False,True
437160,1,0.69332,0.9505193548387099,Clc4cc(Nc2ncnc3[nH]nc(OCCCN1CCOCC1)c23)ccc4OCc5ccccn5,0.2727272727272727,<0.30,3983,3288,False,False
437161,1,0.90881,1.289923870967742,OC5CCN(CCCOc3n[nH]c4ncnc(Nc2ccc(OCc1ccccn1)c(Cl)c2)c34)CC5,0.25663716814159293,<0.30,376,77,False,True
437162,1,0.93842,1.256271935483871,OCCOc3n[nH]c4ncnc(Nc2ccc(OCc1ccccn1)c(Cl)c2)c34,0.3,0.30-<0.50,126,157,True,True
437219,1,0.8924,1.259708870967742,Clc4cc(Nc2ncnc3[nH]nc(OCCN1CCOCC1)c23)ccc4OCc5ccccn5,0.27522935779816515,<0.30,543,146,False,True
437262,1,0.81095,1.110059677419355,Clc4cc(Nc2ncnc3[nH]nc(OCCN1CCCCCO1)c23)ccc4OCc5ccccn5,0.26785714285714285,<0.30,1738,1185,False,False
437318,1,0.87765,1.2315411290322582,Clc4cc(Nc2ncnc3[nH]nc(OCCN1CCCC1)c23)ccc4OCc5ccccn5,0.27102803738317754,<0.30,707,253,False,True
437365,1,0.72221,0.9435324193548387,CC(=O)N5CCN(CCOc3n[nH]c4ncnc(Nc2ccc(OCc1ccccn1)c(Cl)c2)c34)CC5,0.2767857142857143,<0.30,3361,3393,False,False
43743,1,0.53981,0.679115806451613,Brc3cccc(Nc1c(C#N)cnc2ncc(NC(=O)C=C)cc12)c3,0.18072289156626506,<0.30,7698,8305,False,False
437511,1,0.92558,1.254011612903226,Cc5ccc(Oc4ccc(Nc2ncnc3[nH]nc(OCCN1CCC(O)CC1)c23)cc4Cl)cn5,0.22608695652173913,<0.30,219,164,True,True
437559,1,0.75542,1.0965774193548388,OC5CCN(CCOc3n[nH]c4ncnc(Nc2ccc(OCc1cccc(F)c1)c(Cl)c2)c34)CC5,0.3883495145631068,0.30-<0.50,2697,1350,False,False
437560,1,0.89442,1.2839254838709677,OC5CCN(CCOc3n[nH]c4ncnc(Nc2ccc(OCc1ccccn1)c(Cl)c2)c34)CC5,0.25892857142857145,<0.30,523,87,False,True
451548,1,0.94502,1.3870454838709678,Nc3ncnc(Nc2ccc(OCc1ccccc1)c(Cl)c2)c3C(=O)OCCN4CCOCC4,0.33980582524271846,0.30-<0.50,92,3,True,True
451549,1,0.95057,1.3645279032258066,Nc3ncnc(Nc2ccc(OCc1ccccc1)c(Cl)c2)c3C(=O)Nc4ccccc4,0.37362637362637363,0.30-<0.50,65,10,True,True
451738,1,0.57137,0.8386237096774194,Nc3ncnc(Nc2ccc(OCc1ccccc1)c(Cl)c2)c3C(=O)NNC(=O)CCN4CCOCC4,0.3333333333333333,0.30-<0.50,6840,5155,False,False
451739,1,0.81702,1.1859967741935484,Nc3ncnc(Nc2ccc(OCc1ccccc1)c(Cl)c2)c3c5nnc(CCN4CCOCC4)o5,0.3333333333333333,0.30-<0.50,1621,493,False,False
454619,1,0.64449,0.8316,COc4cc3ncnc(c1c[nH]c2cc(F)c(Cl)cc12)c3cc4OCCCN5CCOCC5,0.23595505617977527,<0.30,5046,5282,False,False
455825,1,0.64949,0.8380516129032258,COc4cc3ncnc(c1c[nH]c2ccc(Br)cc12)c3cc4OC,0.2714285714285714,<0.30,4934,5171,False,False
455897,1,0.89686,1.2440316129032258,Fc4ccc(Cc2ncnc3cc(OCCCN1CCOCC1)c(NC(=O)C=C)nc23)cc4Cl,0.2033898305084746,<0.30,495,214,False,True
455899,1,0.87056,1.2075509677419356,CC4CCN(CCCOc3cc2ncnc(Cc1ccc(F)c(Cl)c1)c2nc3NC(=O)C=C)CC4,0.19834710743801653,<0.30,779,368,False,False
456095,1,0.81772,1.1078787096774194,Brc4cccc(Nc2ncnc3cnc(CC(=O)\C=C\c1ccccc1)cc23)c4,0.3157894736842105,0.30-<0.50,1605,1207,False,False
456189,1,0.81597,1.0923469354838709,Brc4cccc(Nc2ncnc3cnc(C(CCCN1CCOCC1)C(=O)C=C)cc23)c4,0.26666666666666666,<0.30,1634,1403,False,False
456301,1,0.8547,1.185551612903226,Brc4cccc(Nc2ncnc3ccc(C(CCCN1CCOCC1)C(=O)C=C)cc23)c4,0.2696629213483146,<0.30,987,495,False,False
456388,1,0.81244,1.1269329032258066,Brc4cccc(Nc2ncnc3cnc(CC(=O)\C=C\C(=O)NCCCN1CCOCC1)cc23)c4,0.26373626373626374,<0.30,1705,1015,False,False
456389,1,0.76072,1.0791922580645161,Brc4cccc(Nc2ncnc3cnc(CC(=O)\C=C\C(=O)NCCCn1ccnc1)cc23)c4,0.26373626373626374,<0.30,2616,1565,False,False
456451,1,0.37896,0.4889806451612903,COC[C@H]4Oc3cc2ncnc(Nc1cccc(I)c1)c2cc3O[C@@H]4COC,0.4393939393939394,0.30-<0.50,13390,13638,False,False
456526,1,0.76808,1.0406245161290324,COc3cc2ncnc(Nc1ccc(F)c(Cl)c1)c2cc3CNC(=O)[C@H]4CCCCN4C,0.3218390804597701,0.30-<0.50,2477,2033,False,False
456583,1,0.8503,1.1520193548387097,CS(=O)(=O)CCNCc4nc(c3ccc2ncnc(Nc1ccc(F)c(Cl)c1)c2c3)cs4,0.5280898876404494,0.50-<0.70,1059,752,False,False
456584,1,0.1446,0.17491935483870968,Cc3cccc(NC1=NC=NC2=CC=C(NC(=O)C=C)C12)c3,0.15853658536585366,<0.30,29914,30781,False,False
456586,1,0.26319,0.360825,C=CC(=O)NC3=CC=C4N=CN=C(Nc2ccc(Oc1ccccc1)cc2)C34,0.10465116279069768,<0.30,19700,18864,False,False
456587,1,0.92012,1.3208174193548388,C=CC(=O)NC3=CC=C4N=CN=C(Nc2ccc(OCc1ccccc1)cc2)C34,0.15454545454545454,<0.30,268,32,True,True
456588,1,0.64757,0.8042401612903226,Cc3cccc(NC1=NC=NC2=CN=C(NC(=O)C=C)C12)c3,0.16049382716049382,<0.30,4974,5753,False,False
456647,1,0.51155,0.7425725806451612,CS(=O)(=O)CCNCc6nc(c5ccc4ncnc(Nc3ccc2n(Cc1ccccc1)ncc2c3)c4c5)cs6,0.44554455445544555,0.30-<0.50,8528,6935,False,False
456649,1,0.81893,1.2283950000000001,CS(=O)(=O)CCNCc5nc(c4ccc3ncnc(Nc2ccc(OCc1ccccc1)c(Cl)c2)c3c4)cs5,0.625,0.50-<0.70,1584,263,False,True
456652,1,0.35297,0.44405903225806453,Brc3cccc(Nc1ncnc2cc(NC(=O)C=C)[nH]c12)c3,0.28378378378378377,<0.30,14564,15212,False,False
456745,1,0.47881,0.6100966129032258,CC4CCN(CCCOc3cc2ncnc(Cc1cccc(Br)c1)c2cc3NC(=O)C=C)CC4,0.23404255319148937,<0.30,9556,10000,False,False
456748,1,0.54789,0.7334656451612903,Brc4cccc(Cc2ncnc3cc(OCCCn1ccnc1)c(NC(=O)C=C)cc23)c4,0.22580645161290322,<0.30,7457,7114,False,False
456749,1,0.73339,1.0054540322580645,Brc5cccc(Nc3ncnc4cc2n(CCC(=O)N1CCOCC1)ncc2cc34)c5,0.29411764705882354,<0.30,3128,2504,False,False
456750,1,0.84252,1.0871225806451614,Brc4cccc(Nc2ncnc3cc1NCc1cc23)c4,0.36923076923076925,0.30-<0.50,1176,1471,False,False
456813,1,0.24709,0.3347670967741936,Cc3cccc(Cc1ncnc2ccc(NC(=O)C=C)cc12)c3,0.24742268041237114,<0.30,20822,20185,False,False
456815,1,0.86307,1.1832411290322582,Cc4cccc(Cc2ncnc3cc(OCCCN1CCOCC1)c(NC(=O)C=C)cc23)c4,0.2391304347826087,<0.30,891,510,False,False
456821,1,0.78014,1.056963870967742,Brc5cccc(Nc3ncnc4cc2N(CCC(=O)N1CCOCC1)Cc2cc34)c5,0.3170731707317073,0.30-<0.50,2244,1835,False,False
456892,1,0.72926,1.0115541935483872,Brc5cccc(Nc3ncnc4cc2N(CCCC(=O)N1CCOCC1)Cc2cc34)c5,0.30952380952380953,0.30-<0.50,3202,2429,False,False
456894,1,0.69512,0.9529870967741936,Brc5cccc(Nc3ncnc4cc2[nH]cc(CC(=O)N1CCOCC1)c2cc34)c5,0.30120481927710846,0.30-<0.50,3943,3252,False,False
456978,1,0.93664,1.2689961290322582,Fc3ccc(Cc1ncnc2ccc(NC(=O)C=C)nc12)cc3Cl,0.20388349514563106,<0.30,137,119,True,True
456979,1,0.8694,1.1778967741935484,Fc4ccc(Cc2ncnc3cc(\C=C\CCN1CCOCC1)c(NC(=O)C=C)nc23)cc4Cl,0.19166666666666668,<0.30,797,544,False,False
456980,1,0.85388,1.1430974193548387,Fc4ccc(Cc2ncnc3cc(CCCCN1CCOCC1)c(NC(=O)C=C)nc23)cc4Cl,0.18333333333333332,<0.30,1003,842,False,False
457077,1,0.69676,0.9664735483870969,Clc5cc(Nc3ncnc4cc(C#C[C@@H]2C[C@@H](OC(=O)N1CCOCC1)CN2)sc34)ccc5OCc6ccccn6,0.2682926829268293,<0.30,3901,3068,False,False
457078,1,0.26009,0.33559999999999995,Clc5cc(Nc3ncnc4cc(C#C[C@@H]2C[C@@H](OC(=O)N1CCOCC1)CN2)sc34)ccc5OCc6cscn6,0.25806451612903225,<0.30,19923,20143,False,False
457125,1,0.97204,1.3169574193548388,COc1ccccc1Cc7nc6ccc(c4nn(C3CCC(N2CCNCC2)CC3)c5ncnc(N)c45)cc6[nH]7,0.14423076923076922,<0.30,16,34,True,True
457130,1,0.11728,0.17024516129032258,COc1ccccc1Cc8nc7ccc(c5nn(C4CCC(N3CCN(CC2CC2)CC3)CC4)c6ncnc(N)c56)cc7[nH]8,0.1388888888888889,<0.30,32189,31057,False,False
457149,1,0.72333,1.026661935483871,Clc5cc(Nc3ncnc4cc(C#C[C@@H]2C[C@@H](OC(=O)N1CCOCC1)CN2)sc34)ccc5Oc6ccccn6,0.24193548387096775,<0.30,3333,2210,False,False
457275,1,0.85453,1.185315806451613,Cc6cc(Oc5ccc(Nc3ncnc4cc(C#C[C@@H]2C[C@@H](OC(=O)N1CCOCC1)CN2)sc34)cc5Cl)no6,0.23809523809523808,<0.30,991,496,False,False
457277,1,0.69495,0.9079185483870967,O=C(O[C@H]5CN[C@H](C#Cc4cc3ncnc(NCc2cccc(Oc1ccccc1)c2)c3s4)C5)N6CCOCC6,0.18110236220472442,<0.30,3947,3967,False,False
457278,1,0.72158,1.0009012903225807,O=C(O[C@H]5CN[C@H](C#Cc4cc3ncnc(Nc2ccc(Cc1ccccc1)cc2)c3s4)C5)N6CCOCC6,0.21212121212121213,<0.30,3383,2562,False,False
457351,1,0.6629,0.9088145161290324,Fc7cccc(Cn5ncc6cc(Nc3ncnc4cc(C#C[C@@H]2C[C@@H](OC(=O)N1CCOCC1)CN2)sc34)ccc56)c7,0.2558139534883721,<0.30,4657,3942,False,False
457356,1,0.60973,0.8162514516129031,O=C(O[C@H]6CN[C@H](C#Cc5cc4ncnc(Nc3ccc2n(Cc1ccccc1)ccc2c3)c4s5)C6)N7CCOCC7,0.20930232558139536,<0.30,5861,5542,False,False
457358,1,0.72832,0.9985032258064517,O=C(O[C@H]6CN[C@H](C#Cc5cc4ncnc(Nc3ccc2n(Cc1cscn1)ccc2c3)c4s5)C6)N7CCOCC7,0.1875,<0.30,3226,2593,False,False
457360,1,0.42268,0.5590283870967742,Oc2ccc(NC(=S)NC(=O)c1ccc(N(=O)=O)cc1)cc2c4nc3ccccc3s4,0.10869565217391304,<0.30,11583,11381,False,False
457497,1,0.55126,0.7468683870967743,COc3cc(Nc1ncnc2[nH]ccc12)ccc3c5nc4ccccc4s5,0.2987012987012987,<0.30,7361,6851,False,False
457763,1,0.54287,0.7355012903225807,COc5cc4ncnc(Nc3ccc(c2nc1ccccc1s2)c(OC)c3)c4cc5OC,0.4057971014492754,0.30-<0.50,7601,7070,False,False
471648,1,0.72529,0.9826509677419356,Fc6cccc(COc5ccc(Nc3ncnc4cc(C#C[C@@H]2C[C@@H](OC(=O)N1CCCC1)CN2)sc34)cc5Cl)c6,0.38392857142857145,0.30-<0.50,3284,2844,False,False
471890,1,0.13163,0.1592298387096774,CN(C)C/C=C/C(=O)Nc3cc2c(Nc1ccc(F)c(Cl)c1)ccnc2cc3O[C@H]4CCOC4,0.21666666666666667,<0.30,31040,31761,False,False
474930,1,0.88395,1.2261241935483873,CN(C)Cc5ccc(c4cc3c(Nc2ccc(OCc1cccc(F)c1)c(Cl)c2)ncnc3s4)[nH]5,0.4387755102040816,0.30-<0.50,628,273,False,True
474982,1,0.80039,1.1618564516129033,CS(=O)(=O)CCNCc5ccc(c4cc3ncnc(Nc2ccc(OCc1cccc(F)c1)c(Cl)c2)c3s4)o5,0.7619047619047619,>=0.70,1927,675,False,False
474983,1,0.1584,0.20438709677419356,CS(=O)(=O)CCNCc5cc(c4cc3ncnc(Nc2ccc(OCc1cccc(F)c1)c(Cl)c2)c3s4)co5,0.6555555555555556,0.50-<0.70,28675,28852,False,False
474984,1,0.80659,1.0797898387096774,Fc5cccc(COc4ccc(Nc2ncnc3cc(c1cccs1)sc23)cc4Cl)c5,0.4606741573033708,0.30-<0.50,1815,1557,False,False
474988,1,0.87073,1.2920509677419354,Fc6cccc(COc5ccc(Nc3ncnc4sc(c2ccc(CNCc1ccccc1)o2)cc34)cc5Cl)c6,0.5955056179775281,0.50-<0.70,776,72,False,True
475029,1,0.80709,1.0934767741935485,CN6CCN(Cc5ccc(c4cc3ncnc(Nc2ccc(OCc1cccc(F)c1)c(Cl)c2)c3s4)o5)CC6,0.5051546391752577,0.50-<0.70,1807,1390,False,False
475034,1,0.15048,0.20144903225806451,CN(C)Cc5ccc(c4cc3ncnc(Nc2ccc(OCc1cccc(F)c1)c(Cl)c2)c3s4)[nH]5,0.42857142857142855,0.30-<0.50,29401,29028,False,False
475036,1,0.89489,1.3423349999999998,CS(=O)(=O)CCNCc5ccc(c4cc3c(Nc2ccc(OCc1cccc(F)c1)c(Cl)c2)ncnc3s4)o5,0.7738095238095238,>=0.70,519,19,False,True
475037,1,0.79646,1.1433054838709678,Fc5cccc(COc4ccc(Nc2ncnc3sc(c1cccs1)cc23)cc4Cl)c5,0.4666666666666667,0.30-<0.50,1987,840,False,False
493886,1,0.41309,0.5315980645161291,CN5CCN(Cc4ccc(C(=O)Nc3ccc(C)c(c2ccc1ccncc1c2)c3)cc4)CC5,0.14678899082568808,<0.30,11960,12186,False,False
494365,1,0.91008,1.3056156451612904,Fc5cccc(COc4ccc(Nc2ncnc3cc(C#C[C@H]1CCCN1)sc23)cc4Cl)c5,0.42424242424242425,0.30-<0.50,357,44,False,True
508707,1,0.76278,1.0457467741935484,COCC(=O)NC/C=C/c4ccc3ncnc(Nc2ccc(Oc1ccc(C)nc1)c(C)c2)c3c4,0.29545454545454547,<0.30,2580,1972,False,False
509460,1,0.30234,0.3949925806451613,Nc4nc(Nc1cccc(Br)c1)c3cc(CCc2ccccc2)[nH]c3n4,0.2077922077922078,<0.30,17179,17222,False,False
511535,1,0.90518,1.2117732258064515,COc5ccc(/N=C/c1c(N)ncnc1Nc4ccc3n(Cc2cccc(F)c2)ncc3c4)cc5,0.2818181818181818,<0.30,405,347,False,True
511601,1,0.2796,0.38332258064516134,Nc4ncnc(Nc3ccc2n(Cc1cccc(F)c1)ncc2c3)c4\C=N\N5CCOCC5,0.2727272727272727,<0.30,18618,17770,False,False
511602,1,0.21861,0.2820774193548387,Nc4ncnc(Nc3ccc2n(Cc1cccc(F)c1)ncc2c3)c4\C=N\N5CCCCC5,0.26605504587155965,<0.30,23228,23449,False,False
511658,1,0.59404,0.7281780645161291,Nc4ncnc(Nc3ccc2n(Cc1cccc(F)c1)ncc2c3)c4\C=N\N5CCN(CCO)CC5,0.25217391304347825,<0.30,6245,7228,False,False
511659,1,0.78051,1.0448762903225806,COC[C@@H]1CCCN1/N=C/c2c(N)ncnc2Nc5ccc4n(Cc3cccc(F)c3)ncc4c5,0.26495726495726496,<0.30,2234,1988,False,False
514299,1,0.11437,0.15126354838709677,CCN5CCN(CC/C=C/c4ccc3c(Nc2ccc(Sc1nccn1C)c(Cl)c2)c(C#N)cnc3c4)CC5,0.1650485436893204,<0.30,32414,32249,False,False
521713,1,0.24918,0.3255416129032258,NS(=O)(=O)c4ccc(Nc3nc2ncnc(Nc1cccc(Cl)c1)c2s3)cc4,0.23232323232323232,<0.30,20682,20706,False,False
521854,1,0.79969,1.0705527419354839,Fc4ccc(Nc2ncnc3nc(NCCN1CCOCC1)sc23)cc4Cl,0.2524271844660194,<0.30,1939,1679,False,False
521855,1,0.22762,0.3010458064516129,Fc5ccc(Nc3ncnc4nc(Nc2ccc(CN1CCCCC1)cc2)sc34)cc5Cl,0.23300970873786409,<0.30,22443,22182,False,False
521856,1,0.58884,0.8167780645161291,Fc5ccc(Nc3ncnc4nc(Nc2ccc(CCN1CCOCC1)cc2)sc34)cc5Cl,0.2336448598130841,<0.30,6354,5527,False,False
521924,1,0.8318,1.1135387096774192,Fc5ccc(Nc3ncnc4nc(Nc2ccc(CN1CCCC1)cc2)sc34)cc5Cl,0.23529411764705882,<0.30,1358,1147,False,False
521925,1,0.43184,0.5664682258064516,Fc5ccc(Nc3ncnc4nc(Nc2ccc(CN1CCOCC1)cc2)sc34)cc5Cl,0.2403846153846154,<0.30,11250,11178,False,False
521999,1,0.11576,0.15496903225806452,CCc1nccn1Cc5ccc(Nc4nc3ncnc(Nc2ccc(F)c(Cl)c2)c3s4)cc5,0.2336448598130841,<0.30,32306,32027,False,False
522001,1,0.43753,0.5965764516129032,CN6CCN(Cc5ccc(Nc4nc3ncnc(Nc2ccc(OCc1cccc(F)c1)c(Cl)c2)c3s4)cc5)CC6,0.41,0.30-<0.50,11024,10373,False,False
545806,1,0.48382,0.655498064516129,CCOC(=O)C3CCN(CCC(=O)c2ccc(OCc1ccccc1)cc2)CC3,0.13725490196078433,<0.30,9395,8880,False,False
545822,1,0.74658,0.9392458064516129,CN(C)CC(=C)C(=O)c2ccc(OCc1ccccc1)cc2,0.13402061855670103,<0.30,2887,3455,False,False
547320,1,0.84875,1.1225403225806452,COc4cc3ncnc(Nc2ccc1CCCc1c2)c3cc4OC,0.4426229508196721,0.30-<0.50,1081,1061,False,False
547337,1,0.23242,0.2998967741935484,COc3cc2ncnc(NCc1ccccc1)c2cc3OC,0.4,0.30-<0.50,22021,22252,False,False
548047,1,0.951,1.2641435483870966,Cn3c1ccccc1c4ncnc(Nc2cccc(Br)c2)c34,0.2898550724637681,<0.30,62,129,True,True
54880,1,0.74658,1.0235370967741937,Brc5cccc(Nc3ncnc4cc2[nH]cc(CN1CCOCC1)c2cc34)c5,0.32051282051282054,0.30-<0.50,2888,2256,False,False
55042,1,0.69978,0.9706625806451613,Brc5cccc(Nc3ncnc4cc2n(CCN1CCOCC1)ncc2cc34)c5,0.32051282051282054,0.30-<0.50,3831,3007,False,False
55075,1,0.12152,0.1568,Brc4cccc(Nc2ncnc3cc1[nH]ccc1cc23)c4,0.390625,0.30-<0.50,31858,31906,False,False
552742,1,0.93793,1.240488064516129,Brc4cccc(Nc2[nH]cnc3c1ccccc1nc23)c4,0.20833333333333334,<0.30,129,223,True,True
55335,1,0.76021,1.0422233870967743,Brc5cccc(Nc3ncnc4cc2n(CCCN1CCOCC1)ncc2cc34)c5,0.30864197530864196,0.30-<0.50,2621,2015,False,False
55372,1,0.56607,0.7304129032258064,Brc5cccc(Nc3ncnc4cc2n(CCN1CCOCC1)ccc2cc34)c5,0.3246753246753247,0.30-<0.50,6978,7186,False,False
56081,1,0.92772,1.2516812903225807,Cn3ncc4cc2c(Nc1cccc(Br)c1)ncnc2cc34,0.3939393939393939,0.30-<0.50,206,172,True,True
568338,1,0.40865,0.5404725806451612,CC4(C)CNc3cc(NC(=O)c1cccnc1NCc2ccncc2)ccc34,0.14772727272727273,<0.30,12153,11932,False,False
568339,1,0.58666,0.738056129032258,CCN4CCN(Cc3ccc(NC(=O)Nc2ccc(Oc1cc(NC)ncn1)cc2)cc3C(F)(F)F)CC4,0.15315315315315314,<0.30,6412,7013,False,False
573416,1,0.12607,0.17283790322580644,CCC5=C1C(N=CN=C1Nc4ccc3n(Cc2cccc(F)c2)ncc3c4)N=C5NC(=O)OC[C@@H]6COCCN6,0.18518518518518517,<0.30,31478,30902,False,False
573423,1,0.10452,0.13317870967741935,CCC5=C1C(N=CN=C1Nc4ccc3n(Cc2ccccc2)ncc3c4)N=C5NC(=O)OC6CCC(C)(N)CC6,0.15079365079365079,<0.30,33102,33192,False,False
573478,1,0.54539,0.730118870967742,CCC5=C1C(N=CN=C1Nc4ccc3n(Cc2ccccc2)ncc3c4)N=C5NC(=O)OCCC6CCNCC6,0.14173228346456693,<0.30,7523,7191,False,False
573491,1,0.2649,0.34180645161290324,CCC5=C1C(N=CN=C1Nc4ccc3n(Cc2ccccc2)ncc3c4)N=C5NC(=O)OCC6CCNCC6,0.13761467889908258,<0.30,19594,19801,False,False
573525,1,0.67465,0.9249233870967742,CCC5=C1C(N=CN=C1Nc4ccc3n(Cc2ccccc2)ncc3c4)N=C5NC(=O)OCC6CCCNC6,0.13274336283185842,<0.30,4383,3700,False,False
573538,1,0.71818,0.9614345161290323,CCC5=C1C(N=CN=C1Nc4ccc3n(Cc2ccccc2)ncc3c4)N=C5NC(=O)OCCn6ccnc6,0.13761467889908258,<0.30,3454,3135,False,False
573555,1,0.6819,0.9238645161290323,CCC5=C1C(N=CN=C1Nc4ccc3n(Cc2ccccc2)ncc3c4)N=C5NC(=O)OCCN6CCCCC6,0.14516129032258066,<0.30,4214,3725,False,False
573556,1,0.31217,0.41790499999999997,CCC5=C1C(N=CN=C1Nc4ccc3n(Cc2ccccc2)ncc3c4)N=C5NC(=O)OCC6CCCCN6,0.13953488372093023,<0.30,16615,16269,False,False
573560,1,0.11772,0.15189677419354838,CCC5=C1C(N=CN=C1Nc4ccc3n(Cc2ccccc2)ncc3c4)N=C5NC(=O)OCCN6CCNCC6,0.14285714285714285,<0.30,32156,32217,False,False
573573,1,0.30969,0.43956000000000006,CCC5=C1C(N=CN=C1Nc4ccc3n(Cc2ccccc2)ncc3c4)N=C5NC(=O)OCCN6CCOCC6,0.1450381679389313,<0.30,16754,15368,False,False
575320,1,0.72325,0.9915524193548387,COCCOc3cc2ncnc(Nc1ccc(F)c(Cl)c1F)c2cc3NC(=O)[C@@H]4CCCN4C(=O)C=C,0.32608695652173914,0.30-<0.50,3336,2714,False,False
57620,1,0.97388,1.3665735483870969,COc3cc(\C=C(/C#N)C(N)=O)cc(Sc2nc1ccccc1s2)c3O,0.13186813186813187,<0.30,12,8,True,True
576902,1,0.26206,0.3296883870967742,C5Oc4ccc(c3ccc2ncnc(NCc1cccs1)c2c3)cc4O5,0.25,<0.30,19786,20465,False,False
578466,1,0.55701,0.7007545161290323,CN(N=Nc3ccc2ncnc(Nc1cccc(Cl)c1)c2c3)C(=O)Oc4ccc(N(=O)=O)cc4,0.3023255813953488,0.30-<0.50,7206,7818,False,False
590207,1,0.81456,1.0904593548387096,NCCn5cc(c4cc(c2cc1ccccc1s2)c3[nH]ncc3c4)c6nc(N)ncc56,0.09649122807017543,<0.30,1664,1432,False,False
591744,1,0.39758,0.5450693548387097,COc5cc4c(Nc3ccc(c2nc1ccccc1s2)c(OC)c3)ncnc4cc5OCCCN6CCN(C)CC6,0.3902439024390244,0.30-<0.50,12592,11788,False,False
591787,1,0.09199,0.12314790322580645,COc5cc4ncnc(Nc3ccc(c2nc1ccccc1s2)c(OC)c3)c4cc5OCCCN6CCN(C)CC6,0.3902439024390244,0.30-<0.50,33879,33680,False,False
596440,1,0.25494,0.3083951612903226,Brc5cccc(Nc3ncnc4ccc(NC(=O)[C@@H]1O[C@H]1CN2CCCCC2)cc34)c5,0.2857142857142857,<0.30,20276,21719,False,False
596442,1,0.27175,0.37256048387096774,Fc4ccc(OCC(=O)Nc3ccc2ncnc(Nc1cccc(Br)c1)c2c3)cc4,0.3466666666666667,0.30-<0.50,19119,18260,False,False
596506,1,0.66586,0.9021329032258065,Brc4cccc(Nc2ncnc3ccc(NC(=O)CNC(=O)Oc1ccccc1)cc23)c4,0.3246753246753247,0.30-<0.50,4589,4067,False,False
596508,1,0.7579,1.0268322580645162,Brc4cccc(Nc2ncnc3ccc(NC(=O)Cn1sccc1=O)cc23)c4,0.3037974683544304,0.30-<0.50,2661,2206,False,False
596509,1,0.21424,0.29371612903225813,Brc5cccc(Nc3ncnc4ccc(NC(=O)Cn2sc1ccccc1c2=O)cc34)c5,0.2926829268292683,<0.30,23598,22682,False,False
596510,1,0.33691,0.4347225806451613,CC(C)c4nsc(C(=O)Nc3ccc2ncnc(Nc1cccc(Br)c1)c2c3)n4,0.31645569620253167,0.30-<0.50,15345,15568,False,False
598035,1,0.46536,0.6079703225806451,Oc3ccc(CN(Cc1cccc(Cl)c1O)C(=O)Nc2ccccc2)cc3,0.13861386138613863,<0.30,10029,10052,False,False
598212,1,0.27121,0.3630714516129032,Oc3ccc(CN(Cc1cccc(Cl)c1O)C(=S)Nc2ccccc2)cc3,0.12871287128712872,<0.30,19156,18747,False,False
598429,1,0.77647,0.9643256451612903,Oc1ccc(Br)cc1\C=N\NC2=NC(=O)CS2,0.10126582278481013,<0.30,2314,3103,False,False
598618,1,0.57847,0.755743064516129,COc2ccc(NC(=O)c1ccc(N(CCCl)CCCl)cc1)cc2,0.13513513513513514,<0.30,6638,6657,False,False
598815,1,0.35996,0.4644645161290322,ClCCN(CCCl)c3ccc(C(=O)Nc1cccc2ccccc12)cc3,0.11688311688311688,<0.30,14252,14486,False,False
601576,1,0.31512,0.4218541935483871,CCCCCCCCCCCCCCCCNC(=O)COc3cc(O)c2c(=O)cc(c1ccccc1)oc2c3,0.16666666666666666,<0.30,16461,16095,False,False
604615,1,0.74048,0.955458064516129,CCOc3cc2ncc(C#N)c(Nc1ccc(F)c(Cl)c1)c2cc3NC(=O)\C=C\CN(C)C,0.21367521367521367,<0.30,2994,3219,False,False
60597,1,0.97581,1.2516645161290323,CC(C)(C)n2nc(c1ccc(Cl)cc1)c3c(N)ncnc23,0.13402061855670103,<0.30,11,173,True,True
606293,1,0.11893,0.1611309677419355,Nc4ncnc5n(C3O[C@H](COC(=O)c2ccc(S(=O)(=O)Oc1ccc(/C=C/N(=O)=O)cc1)cc2)[C@@H](O)[C@H]3O)cnc45,0.11363636363636363,<0.30,32059,31645,False,False
609883,1,0.23796,0.2955309677419355,COc5ccc(N4Cc2cnc(Nc1ccc(F)cc1)nc2N([C@H]3CC[C@@H](O)C3)C4=O)cc5,0.17272727272727273,<0.30,21562,22562,False,False
611561,1,0.86004,1.2345735483870968,Cc4c(C(=O)NCCN1CCOCC1)[nH]c5cnnc(Nc3ccc(OCc2ccccn2)c(Cl)c3)c45,0.2605042016806723,<0.30,922,241,False,True
612724,1,0.83196,1.288196129032258,CN5CCN(CCCNC(=O)c4[nH]c3cnnc(Nc2ccc(OCc1cccc(F)c1)c(Cl)c2)c3c4C)CC5,0.35714285714285715,0.30-<0.50,1357,79,False,True
612725,1,0.91832,1.4219148387096774,CN5CCN(CCNC(=O)c4[nH]c3cnnc(Nc2ccc(OCc1cccc(F)c1)c(Cl)c2)c3c4C)CC5,0.3761467889908257,0.30-<0.50,283,2,True,True
616301,1,0.29732,0.3836387096774193,COc1ccccc1Cc7nc6ccc(c4nn(C3CCC(C2CCN(C)CC2)CC3)c5ncnc(N)c45)cc6[nH]7,0.1553398058252427,<0.30,17458,17752,False,False
623601,1,0.3513,0.4904166129032258,CN(C)CCc6ccc(Nc5nccc(c3c(c2cccc(NC(=O)c1c(F)cccc1F)c2)nc4sccn34)n5)cc6,0.15873015873015872,<0.30,14647,13571,False,False
623604,1,0.41916,0.5678941935483871,O=C(Cc1ccccc1)Nc7cccc(c3nc2sccn2c3c6ccnc(Nc5cccc(N4CCOCC4)c5)n6)c7,0.1484375,<0.30,11717,11140,False,False
625293,1,0.36735,0.49177499999999996,Nc4nc(Nc1cccc(Br)c1)c3cc(Cc2ccc(Cl)cc2Cl)[nH]c3n4,0.1951219512195122,<0.30,13893,13523,False,False
628391,1,0.16007,0.20654193548387095,NC1CCc4c(C1)c3cc(OCCc2ccc(O)cc2)ccc3n4CCCCCc5ccccc5,0.11827956989247312,<0.30,28529,28693,False,False
647961,1,0.84209,1.0865677419354838,Cc2ccc(Br)c3c(C#N)cc(C(=O)C1CC1)n23,0.10309278350515463,<0.30,1187,1479,False,False
650126,1,0.50492,0.6270780645161291,CN(C)C/C=C/C(=O)Nc3cc2c(Nc1ccc(F)c(Cl)c1)ncnc2cc3O[C@H]4CCOC4,0.3008849557522124,0.30-<0.50,8733,9572,False,False
650691,1,0.48367,0.6396925806451612,COc3ccc(C2CC(c1ccc(C)c(C)c1)=NN2C(N)=S)cc3,0.12,<0.30,9401,9233,False,False
650852,1,0.82308,1.0753141935483872,OC[C@H](Nc3ncnc4oc(c1ccccc1)c(c2cccc(NC(=O)C=C)c2)c34)c5ccccc5,0.18888888888888888,<0.30,1533,1612,False,False
651515,1,0.20268,0.25825354838709674,Cc1ncc(N(=O)=O)n1CCOC(=O)\C=C\c3ccc(c2ccccc2)cc3,0.11363636363636363,<0.30,24569,24984,False,False
75253,1,0.12742,0.1726335483870968,CCN(CC)CCCCNc3ncc2cc(c1c(Cl)cccc1Cl)c(NC(=O)NC(C)(C)C)nc2n3,0.15384615384615385,<0.30,31368,30915,False,False
75477,1,0.50779,0.6552129032258064,CN5CCN(CCCNc4ncc3cc(c1c(Cl)cccc1Cl)c(NC(=O)NCc2ccccc2)nc3n4)CC5,0.16666666666666666,<0.30,8646,8887,False,False
75502,1,0.69471,0.9412200000000002,CN5CCN(CCCNc4ncc3cc(c1c(Cl)cccc1Cl)c(NC(=O)NC2CCCCC2)nc3n4)CC5,0.1440677966101695,<0.30,3955,3421,False,False
75517,1,0.15655,0.2121,COc5ccc(NC(=O)Nc3nc2nc(NCCCN1CCN(C)CC1)ncc2cc3c4c(Cl)cccc4Cl)cc5,0.17355371900826447,<0.30,28836,28284,False,False
79799,1,0.93298,1.2489893548387097,Brc4ccc3CCN(c1ncnc2ccc(NC(=O)C=C)cc12)c3c4,0.1792452830188679,<0.30,163,189,True,True
80234,1,0.74963,1.015627741935484,C=CC(=O)Nc4ccc3ncnc(Nc2ccc(OCc1ccccc1)cc2)c3c4,0.3191489361702128,0.30-<0.50,2816,2366,False,False
80235,1,0.30935,0.3941717741935484,C=CC(=O)Nc4ccc3ncnc(Nc2ccc(Oc1ccccc1)cc2)c3c4,0.2876712328767123,<0.30,16778,17258,False,False
80405,1,0.82535,1.1049040322580646,Brc4cccc(Nc2ncnc3cnc(NCCCN1CCOCC1)nc23)c4,0.25301204819277107,<0.30,1477,1239,False,False
80406,1,0.25597,0.3261553225806451,Brc4cccc(Nc2ncnc3cnc(NCCN1CCOCC1)nc23)c4,0.25925925925925924,<0.30,20208,20675,False,False
80728,1,0.15083,0.18975387096774193,Brc4cccc(Nc2ncnc3cnc(NCCc1c[nH]cn1)nc23)c4,0.2625,<0.30,29354,29822,False,False
80802,1,0.19607,0.25299354838709676,Brc4cccc(Nc2ncnc3cnc(NCCCn1ccnc1)nc23)c4,0.25301204819277107,<0.30,25156,25344,False,False
81022,1,0.85901,1.1084,CN(C)c3cc2c(Nc1cccc(Br)c1)ncnc2cn3,0.375,0.30-<0.50,938,1201,False,False
81117,1,0.43335,0.5032451612903226,COc4ccc(CNc3cc2c(Nc1cccc(Br)c1)ncnc2cn3)cc4,0.375,0.30-<0.50,11188,13124,False,False
81291,1,0.8927,1.1518709677419354,CNc3ncc2ncnc(Nc1cccc(Br)c1)c2n3,0.31343283582089554,0.30-<0.50,539,754,False,False
81385,1,0.82661,1.1065908064516128,CNc3ccc2c(Nc1cccc(Br)c1)ncnc2n3,0.3181818181818182,0.30-<0.50,1451,1221,False,False
81442,1,0.31394,0.3747025806451613,C(Nc1ncnc2cccnc12)c3ccccc3,0.2153846153846154,<0.30,16525,18152,False,False
81669,1,0.76346,0.9851096774193548,CC(=O)Nc3cc2ncnc(NCc1ccccc1)c2cn3,0.2898550724637681,<0.30,2563,2813,False,False
81739,1,0.84273,1.073801129032258,CN(C)c3cc2ncnc(Nc1cccc(Br)c1)c2cn3,0.3968253968253968,0.30-<0.50,1172,1637,False,False
81775,1,0.83714,1.0936829032258064,CNC3=CC2N=CN(C)C(=N/c1cccc(Br)c1)\C2C=N3,0.12048192771084337,<0.30,1269,1385,False,False
81876,1,0.71542,0.807732258064516,Nc2ccc1cncnc1c2,0.16393442622950818,<0.30,3515,5691,False,False
87221,1,0.71086,0.9516351612903226,Oc2ccc(\C=C(/C#N)C(=O)NCc1ccccc1)cc2O,0.10784313725490197,<0.30,3614,3271,False,False
87324,1,0.84245,1.1413838709677422,Oc2ccc(\C=C(/C#N)C(=O)c1ccc(O)c(O)c1)cc2O,0.07608695652173914,<0.30,1178,854,False,False
87384,1,0.40593,0.5499696774193549,Oc2ccc(\C=C(/C#N)C(=O)NCCc1ccccc1)cc2O,0.10576923076923077,<0.30,12264,11649,False,False
87442,1,0.83924,1.069354193548387,Oc2cc1CCC(=C(C#N)C#N)c1cc2O,0.057971014492753624,<0.30,1233,1694,False,False
88088,1,0.69675,0.9327459677419354,Oc2ccc(\C=C(/C#N)C(=O)NCCCc1ccccc1)cc2O,0.10377358490566038,<0.30,3902,3567,False,False
88123,1,0.77438,1.01169,Oc2ccc(\C=C(/C#N)C(=O)Nc1ccccc1)cc2O,0.12,<0.30,2351,2426,False,False
88193,1,0.81499,1.064745,COc3cc2ncnc(Nc1ccc(F)c(Cl)c1)c2cc3OCCN4CCCCC4,0.4246575342465753,0.30-<0.50,1657,1759,False,False
88232,1,0.82629,1.132816935483871,COc3cc2ncnc(Nc1ccc(F)c(Cl)c1)c2cc3OCCCN4CCOCC4,0.40789473684210525,0.30-<0.50,1460,939,False,False
88236,1,0.83421,1.1302200000000002,COc3cc2ncnc(Nc1ccc(F)c(Cl)c1)c2cc3OCCn4ccnc4,0.4189189189189189,0.30-<0.50,1323,973,False,False
88386,1,0.49917,0.6923970967741936,NCCCn3ccc4c(c2ccnc(Nc1cccc(OC(F)(F)C(F)F)c1)n2)cccc34,0.1834862385321101,<0.30,8916,7982,False,False
88421,1,0.79023,1.0706341935483872,COc3cc2ncnc(Nc1ccc(F)c(Cl)c1)c2cc3OCCN4CCCC4,0.4305555555555556,0.30-<0.50,2089,1677,False,False
88423,1,0.80675,1.0930161290322582,COc3cc2ncnc(Nc1ccc(F)c(Cl)c1)c2cc3OCCN4CCN(C)CC4,0.4246575342465753,0.30-<0.50,1811,1395,False,False
88437,1,0.80722,1.041574193548387,COc3cc2ncnc(Nc1ccc(F)c(Cl)c1)c2cc3OCCCN4CCCCC4,0.4189189189189189,0.30-<0.50,1805,2025,False,False
88460,1,0.81401,1.1159814516129034,COc3cc2ncnc(Nc1ccc(F)c(Cl)c1)c2cc3OCCCN4CCCC4,0.4246575342465753,0.30-<0.50,1673,1116,False,False
88542,1,0.84924,1.123188387096774,COc3cc2ncnc(Nc1ccc(F)c(Cl)c1)c2cc3OCC(O)Cn4ccnc4,0.35802469135802467,0.30-<0.50,1074,1053,False,False
89326,1,0.09453,0.11740016129032259,CN4CCN(CCCNc3ncc2cc(c1c(Cl)cccc1Cl)c(NC(=O)NC(C)(C)C)nc2n3)CC4,0.14166666666666666,<0.30,33719,33952,False,False
