ligand_stem,target_receptor_id,docking_score,docked_flag,lit_pcba_id_x,label_x,activity_x,cnnscore,cnnaffinity,gnina_empirical_affinity,rescore_status,zinc_id,key_interaction_recall_consensus,num_interactions,gnina_interaction_score,smiles,mw,logp,hbd,hba,rot,tpsa,arom_n,qed,scaffold,lit_pcba_id_y,label_y,activity_y,cnn_top_decile_threshold,recall_median_threshold,passes_gate
11705051,5cav_a_4zq_1101,-7.852,True,11705051,-1,prospective,0.94508,7.76638,-7.85487,success,11705051,0.3709677419354839,25,1.2956741935483873,CCN1CCN(C(=O)CCc2nnc(CCc3ccccc3OC)o2)[C@@H](C)C1=O,400.5,1.88,0,6,8,88.8,2,0.672,O=C1CN(C(=O)CCc2nnc(CCc3ccccc3)o2)CCN1,11705051,-1,prospective,0.6868879999999999,0.2903225806451613,True
11963158,5cav_a_4zq_1101,-7.92,True,11963158,-1,prospective,0.95184,7.76061,-7.92078,success,11963158,0.3225806451612903,22,1.2588851612903225,COC(=O)[C@H]1CCCCN1C(=O)CSc1ccc2nnc(-c3cccnc3)n2n1,412.5,1.83,0,8,5,102.6,5,0.462,O=C(CSc1ccc2nnc(-c3cccnc3)n2n1)N1CCCCC1,11963158,-1,prospective,0.6868879999999999,0.2903225806451613,True
67620901,5cav_a_4zq_1101,-9.003,True,67620901,-1,prospective,0.93793,7.71584,-8.59631,success,67620901,0.3387096774193548,23,1.2556159677419354,Cc1cccc(Nc2ccc(N3CCN(S(=O)(=O)c4cccnc4)CC3)nn2)n1,411.5,1.83,1,8,5,104.2,4,0.678,O=S(=O)(c1cccnc1)N1CCN(c2ccc(Nc3ccccn3)nn2)CC1,67620901,-1,prospective,0.6868879999999999,0.2903225806451613,True
1422250,4hjo_a_aq4_1001,-9.349,True,1422250,-1,prospective,0.97092,7.2643,-9.35016,success,1422250,0.2903225806451613,22,1.2528,Cn1c(=O)c2c(nc(Sc3nc4ncc(Br)cc4[nH]3)n2C)n(C)c1=O,422.3,1.16,1,6,2,103.4,7,0.52,O=c1[nH]c(=O)c2[nH]c(Sc3nc4ncccc4[nH]3)nc2[nH]1,1422250,-1,prospective,0.6868879999999999,0.2903225806451613,True
814577,1xkk_a_fmm_91,-9.556,True,814577,-1,prospective,0.85251,7.3773,-9.5585,success,814577,0.46774193548387094,32,1.2512646774193548,COc1ccc(OC)c(S(=O)(=O)N2CCC(C(=O)NCc3ccccn3)CC2)c1,419.5,1.82,1,6,7,97.8,1,0.735,O=C(NCc1ccccn1)C1CCN(S(=O)(=O)c2ccccc2)CC1,814577,-1,prospective,0.6868879999999999,0.2903225806451613,True
952980922,1xkk_a_fmm_91,-10.836,True,952980922,-1,prospective,0.9026,7.77998,-10.83864,success,952980922,0.3709677419354839,26,1.2374354838709678,Cc1ccc(S(=O)(=O)N2CCN(C(=O)c3nc(N)nc4c3CCCC4)CC2)cc1,415.5,1.39,1,6,3,109.5,2,0.811,O=C(c1ncnc2c1CCCC2)N1CCN(S(=O)(=O)c2ccccc2)CC1,952980922,-1,prospective,0.6868879999999999,0.2903225806451613,True
2382367437,1xkk_a_fmm_91,-10.883,True,2382367437,-1,prospective,0.86724,7.50102,-11.13985,success,2382367437,0.41935483870967744,30,1.2309212903225808,O=C(c1cncc(N2C[C@H](Cc3ccc4ccccc4n3)[C@@H](O)C2)n1)N1CCOCC1,419.5,1.54,1,7,4,91.7,3,0.686,O=C(c1cncc(N2CCC(Cc3ccc4ccccc4n3)C2)n1)N1CCOCC1,2382367437,-1,prospective,0.6868879999999999,0.2903225806451613,True
20211662,1xkk_a_fmm_91,-9.056,True,20211662,-1,prospective,0.87398,7.64394,-9.05338,success,20211662,0.4032258064516129,26,1.2263912903225807,O=C(CCCn1nnnc1CN1CCOCC1)N[C@@H](c1cccnc1)C(F)(F)F,413.4,1.1,1,7,8,98.1,5,0.692,O=C(CCCn1nnnc1CN1CCOCC1)NCc1cccnc1,20211662,-1,prospective,0.6868879999999999,0.2903225806451613,True
14966315,1xkk_a_fmm_91,-7.982,True,14966315,-1,prospective,0.86134,8.05513,-7.98694,success,14966315,0.41935483870967744,29,1.2225470967741936,Cc1nn(C)c(C)c1CN(C(=O)C[C@H]1C(=O)NCCN1Cc1cccs1)C1CC1,415.6,1.98,1,5,7,70.5,2,0.751,O=C1NCCN(Cc2cccs2)C1CC(=O)N(Cc1cn[nH]c1)C1CC1,14966315,-1,prospective,0.6868879999999999,0.2903225806451613,True
20906438,1xkk_a_fmm_91,-8.429,True,20906438,-1,prospective,0.87536,7.6298,-8.43555,success,20906438,0.3870967741935484,27,1.2142090322580645,COc1ccccc1[C@H]1CCCN1C(=O)CCCn1nnnc1CN1CCOCC1,414.5,1.66,0,7,8,85.6,4,0.649,O=C(CCCn1nnnc1CN1CCOCC1)N1CCCC1c1ccccc1,20906438,-1,prospective,0.6868879999999999,0.2903225806451613,True
1857732156,1xkk_a_fmm_91,-9.604,True,1857732156,-1,prospective,0.8745,7.35829,-9.60983,success,1857732156,0.3870967741935484,27,1.2130161290322583,COc1cccc(-c2noc(CCCC(=O)N3CC[C@@]45OCCN4C(=O)C[C@@H]35)n2)c1,412.4,1.63,0,7,6,98.0,2,0.711,O=C(CCCc1nc(-c2ccccc2)no1)N1CCC23OCCN2C(=O)CC13,1857732156,-1,prospective,0.6868879999999999,0.2903225806451613,True
2386276979,1xkk_a_fmm_91,-11.406,True,2386276979,-1,prospective,0.8815,7.75958,-10.86983,success,2386276979,0.3709677419354839,28,1.208508064516129,CN1C[C@]2(CCN(c3nc(CCc4ccccc4)nc4c3CCNC4=O)C2)OC1=O,407.5,1.58,1,6,4,87.7,2,0.828,O=C1NCC2(CCN(c3nc(CCc4ccccc4)nc4c3CCNC4=O)C2)O1,2386276979,-1,prospective,0.6868879999999999,0.2903225806451613,True
1704298100,1xkk_a_fmm_91,-8.43,True,1704298100,-1,prospective,0.93511,7.2224,-8.64442,success,1704298100,0.2903225806451613,20,1.2065935483870966,CO[C@@H]1CCC[C@@]12CCCN(S(=O)(=O)c1ccc3nc(O)n(C)c(=O)c3c1)C2,407.5,1.61,1,6,3,101.7,2,0.829,O=c1[nH]cnc2ccc(S(=O)(=O)N3CCCC4(CCCC4)C3)cc12,1704298100,-1,prospective,0.6868879999999999,0.2903225806451613,True
77486821,1m17_a_aq4_999,-8.043,True,77486821,-1,prospective,0.90962,7.23201,-8.20825,success,77486821,0.3225806451612903,29,1.2030458064516127,Cc1cn2cc(CNC(=O)c3ccc(CN4CCC[C@@H]4CCO)[nH]c3=O)nc2s1,415.5,1.67,3,6,7,102.7,3,0.545,O=C(NCc1cn2ccsc2n1)c1ccc(CN2CCCC2)[nH]c1=O,77486821,-1,prospective,0.6868879999999999,0.2903225806451613,True
2386269815,1xkk_a_fmm_91,-9.604,True,2386269815,-1,prospective,0.85569,7.79944,-9.18828,success,2386269815,0.3870967741935484,27,1.1869248387096774,CN(C)C[C@H]1COCCN(c2nc(CCc3ccccc3)nc3c2CCNC3=O)C1,409.5,1.56,1,6,6,70.6,2,0.781,O=C1NCCc2c1nc(CCc1ccccc1)nc2N1CCCOCC1,2386269815,-1,prospective,0.6868879999999999,0.2903225806451613,True
11791488,1xkk_a_fmm_91,-9.257,True,11791488,-1,prospective,0.8644,7.91285,-9.27002,success,11791488,0.3709677419354839,29,1.1850645161290323,C[C@@H](NC(=O)COc1ccccc1)c1nnc2n1CCN(Cc1ccccn1)CC2,406.5,1.99,1,6,7,85.2,4,0.646,O=C(COc1ccccc1)NCc1nnc2n1CCN(Cc1ccccn1)CC2,11791488,-1,prospective,0.6868879999999999,0.2903225806451613,True
1051931,4hjo_a_aq4_1001,-9.327,True,1051931,-1,prospective,0.89209,7.1503,-9.33146,success,1051931,0.3225806451612903,27,1.1798609677419354,CCN(C(=O)CSc1nc2c(c(=O)n(C)c(=O)n2C)n1CC)c1ccccc1,401.5,1.6,0,5,6,82.1,4,0.586,O=C(CSc1nc2[nH]c(=O)[nH]c(=O)c2[nH]1)Nc1ccccc1,1051931,-1,prospective,0.6868879999999999,0.2903225806451613,True
20866317,4hjo_a_aq4_1001,-9.432,True,20866317,-1,prospective,0.90264,7.37157,-9.43181,success,20866317,0.3064516129032258,22,1.1792554838709677,Cc1nn(CCCC(=O)N2CCC3(CC2)OCCO3)c(=O)c2cc3occc3n12,400.4,1.7,0,6,4,91.2,3,0.662,O=C(CCCn1ncn2c(cc3occc32)c1=O)N1CCC2(CC1)OCCO2,20866317,-1,prospective,0.6868879999999999,0.2903225806451613,True
14535898,1xkk_a_fmm_91,-8.818,True,14535898,-1,prospective,0.88754,8.04079,-8.81977,success,14535898,0.3225806451612903,23,1.1738432258064515,NC(=O)CN1C(=O)N(CCc2ccccc2)C2(CCN(Cc3ccncc3)CC2)C1=O,421.5,1.41,1,5,7,99.8,1,0.682,O=C1NC(=O)C2(CCN(Cc3ccncc3)CC2)N1CCc1ccccc1,14535898,-1,prospective,0.6868879999999999,0.2903225806451613,True
2386270263,1xkk_a_fmm_91,-10.99,True,2386270263,-1,prospective,0.86624,7.81511,-10.47255,success,2386270263,0.3548387096774194,25,1.1736154838709678,O=C1NC[C@]2(CCCN(c3nc(CCc4ccccc4)nc4c3CCNC4=O)C2)O1,407.5,1.63,2,6,4,96.5,2,0.8,O=C1NCC2(CCCN(c3nc(CCc4ccccc4)nc4c3CCNC4=O)C2)O1,2386270263,-1,prospective,0.6868879999999999,0.2903225806451613,True
19636327,1m17_a_aq4_999,-8.289,True,19636327,-1,prospective,0.90723,7.65089,-8.24145,success,19636327,0.2903225806451613,23,1.1706193548387096,COCc1ccc(C(=O)NCc2nnc3n2CCN(Cc2cccc(C)n2)CC3)o1,410.5,1.71,1,7,7,98.3,4,0.633,O=C(NCc1nnc2n1CCN(Cc1ccccn1)CC2)c1ccco1,19636327,-1,prospective,0.6868879999999999,0.2903225806451613,True
12135598,4hjo_a_aq4_1001,-9.999,True,12135598,-1,prospective,0.89461,7.57853,-10.00424,success,12135598,0.3064516129032258,24,1.1687646774193547,COc1cccc(N2C(=O)CN(C(=O)Cn3cnc4ccccc4c3=O)C[C@@H]2C)c1,406.4,1.67,0,5,4,84.7,2,0.658,O=C(Cn1cnc2ccccc2c1=O)N1CCN(c2ccccc2)C(=O)C1,12135598,-1,prospective,0.6868879999999999,0.2903225806451613,True
13370172,5cav_a_4zq_1101,-7.23,True,13370172,-1,prospective,0.84987,7.13916,-7.37585,success,13370172,0.3709677419354839,28,1.1651443548387097,CCCSc1nc2c(c(=O)[nH]c(=O)n2C)n1C[C@@H](O)COc1ccccc1C,404.5,1.67,2,6,8,102.1,4,0.554,O=c1[nH]c(=O)c2c(ncn2CCCOc2ccccc2)[nH]1,13370172,-1,prospective,0.6868879999999999,0.2903225806451613,True
2382404070,1xkk_a_fmm_91,-11.099,True,2382404070,-1,prospective,0.83777,7.7943,-11.10419,success,2382404070,0.3870967741935484,25,1.1620680645161292,C[C@@H](C(=O)N1CCc2c(C(=O)N3CCc4ccccc4C3)n[nH]c2C1)n1cncn1,405.5,1.35,1,5,3,100.0,5,0.709,O=C(Cn1cncn1)N1CCc2c(C(=O)N3CCc4ccccc4C3)n[nH]c2C1,2382404070,-1,prospective,0.6868879999999999,0.2903225806451613,True
10969893,5cav_a_4zq_1101,-7.48,True,10969893,-1,prospective,0.88239,6.74679,-7.48669,success,10969893,0.3064516129032258,21,1.1527998387096774,COc1ccc(Br)cc1-c1nnc2n(C)c3c(=O)[nH]c(=O)n(C)c3n12,405.2,1.05,1,5,2,99.2,6,0.538,O=c1[nH]c(=O)c2[nH]c3nnc(-c4ccccc4)n3c2[nH]1,10969893,-1,prospective,0.6868879999999999,0.2903225806451613,True
2386273460,1xkk_a_fmm_91,-10.459,True,2386273460,-1,prospective,0.88151,7.76084,-9.96879,success,2386273460,0.3064516129032258,23,1.1516501612903225,O=C1NCCc2c1nc(-c1ccccc1)nc2N1CCC[C@H](CN2CCOCC2)C1,407.5,1.98,1,6,4,70.6,2,0.836,O=C1NCCc2c1nc(-c1ccccc1)nc2N1CCCC(CN2CCOCC2)C1,2386273460,-1,prospective,0.6868879999999999,0.2903225806451613,True
2382336724,1xkk_a_fmm_91,-9.703,True,2382336724,-1,prospective,0.83216,8.00107,-9.70606,success,2382336724,0.3709677419354839,25,1.1408645161290323,O=C(c1cnn2cccnc12)N1CCC2(CC1)C(=O)NC(=O)N2Cc1ccccc1,404.4,1.46,1,5,3,99.9,3,0.666,O=C(c1cnn2cccnc12)N1CCC2(CC1)C(=O)NC(=O)N2Cc1ccccc1,2382336724,-1,prospective,0.6868879999999999,0.2903225806451613,True
670467852,1xkk_a_fmm_91,-10.167,True,670467852,-1,prospective,0.82226,7.46019,-10.17388,success,670467852,0.3870967741935484,26,1.1405541935483872,O=C(Cn1ncc2ccccc2c1=O)NC12C[C@@H]3C[C@H](C1)CC(n1ncnn1)(C3)C2,405.5,1.25,1,6,4,107.6,6,0.7,O=C(Cn1ncc2ccccc2c1=O)NC12CC3CC(C1)CC(n1ncnn1)(C3)C2,670467852,-1,prospective,0.6868879999999999,0.2903225806451613,True
1772819058,4hjo_a_aq4_1001,-8.75,True,1772819058,-1,prospective,0.88294,8.14132,-8.94285,success,1772819058,0.2903225806451613,27,1.1392774193548385,CCCn1ncc(CN2C[C@@H]3CN(c4nc(N)nc(C)c4Cl)C[C@]3(CO)C2)c1C,420.0,1.87,2,7,6,96.3,4,0.737,c1cc(N2CC3CN(Cc4cn[nH]c4)CC3C2)ncn1,1772819058,-1,prospective,0.6868879999999999,0.2903225806451613,True
5042336,5cav_a_4zq_1101,-8.517,True,5042336,-1,prospective,0.86961,6.80612,-8.51991,success,5042336,0.3064516129032258,20,1.136103387096774,Cn1cc(C(=O)NCc2ccco2)c(=O)c2cc(S(=O)(=O)N3CCCC3)ccc21,415.5,1.85,1,5,5,101.6,1,0.685,O=C(NCc1ccco1)c1c[nH]c2ccc(S(=O)(=O)N3CCCC3)cc2c1=O,5042336,-1,prospective,0.6868879999999999,0.2903225806451613,True
426534463,1m17_a_aq4_999,-8.413,True,426534463,-1,prospective,0.8687,7.64523,-8.03994,success,426534463,0.3064516129032258,24,1.1349145161290322,CC(=O)NCc1cc2n(n1)CCN(c1cc(Sc3cccs3)nc(N)n1)C2,401.5,2.12,2,8,5,102.0,4,0.631,c1csc(Sc2cc(N3CCn4nccc4C3)ncn2)c1,426534463,-1,prospective,0.6868879999999999,0.2903225806451613,True
1704280594,1xkk_a_fmm_91,-8.539,True,1704280594,-1,prospective,0.82675,7.6352,-8.53802,success,1704280594,0.3709677419354839,26,1.1334475806451614,Cc1cccc(N(CC(=O)N[C@H]2COC[C@H]2Cc2ccncc2)S(C)(=O)=O)c1,403.5,1.53,1,5,7,88.6,1,0.757,O=C(CNc1ccccc1)NC1COCC1Cc1ccncc1,1704280594,-1,prospective,0.6868879999999999,0.2903225806451613,True
426442481,4hjo_a_aq4_1001,-10.8,True,426442481,-1,prospective,0.85656,7.28,-11.06669,success,426442481,0.3225806451612903,27,1.1328696774193547,Cc1ccc(SC2CCN(C(=O)c3cc4n(n3)C[C@H](O)CNC4=O)CC2)cc1,400.5,1.69,2,5,3,87.5,2,0.819,O=C1NCCCn2nc(C(=O)N3CCC(Sc4ccccc4)CC3)cc21,426442481,-1,prospective,0.6868879999999999,0.2903225806451613,True
2382434974,4hjo_a_aq4_1001,-9.936,True,2382434974,-1,prospective,0.84543,7.23477,-9.93616,success,2382434974,0.3387096774193548,26,1.1317853225806451,COC(=O)c1cncc(C[C@@H]2CCN(C(=O)c3ccc4c(c3)N(C)C(=O)CO4)C2)c1,409.4,1.93,0,6,4,89.0,1,0.717,O=C1COc2ccc(C(=O)N3CCC(Cc4cccnc4)C3)cc2N1,2382434974,-1,prospective,0.6868879999999999,0.2903225806451613,True
2383344925,4hjo_a_aq4_1001,-8.488,True,2383344925,-1,prospective,0.8621,7.53246,-8.12084,success,2383344925,0.3064516129032258,23,1.126291935483871,COc1cc(OC)nc(N2C[C@@H]3[C@H](CNC(=O)c4ccoc4)[C@H]4CC[C@]3(C2)O4)n1,400.4,1.5,1,8,6,99.0,2,0.779,O=C(NCC1C2CCC3(CN(c4ncccn4)CC13)O2)c1ccoc1,2383344925,-1,prospective,0.6868879999999999,0.2903225806451613,True
67621213,5cav_a_4zq_1101,-8.924,True,67621213,-1,prospective,0.87282,7.31064,-8.92583,success,67621213,0.2903225806451613,19,1.1262193548387096,Cc1cccc(-c2noc(CNC(=O)C3CCN(S(=O)(=O)N(C)C)CC3)n2)c1,407.5,1.18,1,6,6,108.6,2,0.77,O=C(NCc1nc(-c2ccccc2)no1)C1CCNCC1,67621213,-1,prospective,0.6868879999999999,0.2903225806451613,True
1772808655,4hjo_a_aq4_1001,-9.383,True,1772808655,-1,prospective,0.8665,7.58662,-9.59963,success,1772808655,0.2903225806451613,27,1.1180645161290323,CC(C)c1cc(C(=O)N2C[C@@H]3CN(Cc4ccns4)C[C@@]3(CO)C2)nc(N)n1,402.5,1.21,2,8,5,108.5,3,0.774,O=C(c1ccncn1)N1CC2CN(Cc3ccns3)CC2C1,1772808655,-1,prospective,0.6868879999999999,0.2903225806451613,True
33309197,5cav_a_4zq_1101,-8.162,True,33309197,-1,prospective,0.86478,7.11021,-7.77354,success,33309197,0.2903225806451613,19,1.1158451612903226,CN(C)c1nc2ncn3c(=O)n(CC(=O)Nc4ccc(F)cc4F)nc3c2s1,405.4,1.48,1,7,4,97.4,5,0.553,O=C(Cn1nc2c3scnc3ncn2c1=O)Nc1ccccc1,33309197,-1,prospective,0.6868879999999999,0.2903225806451613,True
8844832,4hjo_a_aq4_1001,-9.769,True,8844832,-1,prospective,0.84203,7.19842,-9.77398,success,8844832,0.3225806451612903,26,1.1136525806451611,Cc1ccc(S(=O)(=O)N2CCN(C(=O)C[C@H](C)n3nc(C)nc3C)CC2)cc1,405.5,1.69,0,5,5,88.4,3,0.755,O=C(CCn1cncn1)N1CCN(S(=O)(=O)c2ccccc2)CC1,8844832,-1,prospective,0.6868879999999999,0.2903225806451613,True
2384415026,4hjo_a_aq4_1001,-8.764,True,2384415026,-1,prospective,0.8524,7.30526,-8.77172,success,2384415026,0.3064516129032258,28,1.1136193548387097,CN(C)S(=O)(=O)C[C@@H]1COC[C@@H]1n1ccnc1-c1cccc(Cn2cccn2)c1,415.5,1.87,0,5,7,82.3,4,0.588,c1cc(Cn2cccn2)cc(-c2nccn2C2CCOC2)c1,2384415026,-1,prospective,0.6868879999999999,0.2903225806451613,True
597570,1xkk_a_fmm_91,-9.622,True,597570,-1,prospective,0.80824,7.24472,-9.62437,success,597570,0.3709677419354839,24,1.1080709677419356,O=C(c1ccc(F)cc1)C1CCN(CCn2c(=O)nc3n(c2=O)CCCC3)CC1,400.5,1.48,0,5,5,77.2,3,0.711,O=C(c1ccccc1)C1CCN(CCn2c(=O)nc3n(c2=O)CCCC3)CC1,597570,-1,prospective,0.6868879999999999,0.2903225806451613,True
9426762,5cav_a_4zq_1101,-8.098,True,9426762,-1,prospective,0.80809,6.82503,-8.09906,success,9426762,0.3709677419354839,25,1.1078653225806452,CCn1c(CNC(=O)c2ccccc2F)nnc1SCC(=O)N1CCOCC1,407.5,1.32,1,6,7,89.3,3,0.697,O=C(NCc1nnc(SCC(=O)N2CCOCC2)[nH]1)c1ccccc1,9426762,-1,prospective,0.6868879999999999,0.2903225806451613,True
67604715,5cav_a_4zq_1101,-8.121,True,67604715,-1,prospective,0.84496,6.98945,-8.12189,success,67604715,0.3064516129032258,20,1.1038993548387097,Cc1ccc(-c2noc(CNC(=O)[C@@H]3CCCN(S(=O)(=O)N(C)C)C3)n2)cc1,407.5,1.18,1,6,6,108.6,2,0.77,O=C(NCc1nc(-c2ccccc2)no1)C1CCCNC1,67604715,-1,prospective,0.6868879999999999,0.2903225806451613,True
95368809,4hjo_a_aq4_1001,-11.08,True,95368809,-1,prospective,0.85238,7.7394,-11.36457,success,95368809,0.2903225806451613,24,1.0998451612903226,CN(C)C(=O)c1cccc(N2CC[C@@]3(O)CCN(C(=O)C4CCCC4)C[C@H]3C2)n1,400.5,1.76,1,5,3,77.0,1,0.837,O=C(C1CCCC1)N1CCC2CCN(c3ccccn3)CC2C1,95368809,-1,prospective,0.6868879999999999,0.2903225806451613,True
2382424760,4hjo_a_aq4_1001,-8.805,True,2382424760,-1,prospective,0.82861,6.88455,-8.80536,success,2382424760,0.3225806451612903,27,1.0959035483870967,COC(=O)c1ccc(OC)c(C[C@@H]2CCN(C(=O)CSc3nncn3C)C2)c1,404.5,1.79,0,7,7,86.6,3,0.514,O=C(CSc1nnc[nH]1)N1CCC(Cc2ccccc2)C1,2382424760,-1,prospective,0.6868879999999999,0.2903225806451613,True
6948039,1xkk_a_fmm_91,-8.892,True,6948039,-1,prospective,0.78055,7.42144,-8.89649,success,6948039,0.4032258064516129,26,1.0952879032258065,COc1cccc(NC(=O)CNC(=O)Cn2cnc3sc(C)c(C)c3c2=O)c1,400.5,1.84,2,6,6,102.3,2,0.657,O=C(Cn1cnc2sccc2c1=O)NCC(=O)Nc1ccccc1,6948039,-1,prospective,0.6868879999999999,0.2903225806451613,True
9727616,1xkk_a_fmm_91,-8.927,True,9727616,-1,prospective,0.81808,7.67883,-8.93124,success,9727616,0.3387096774193548,24,1.0951716129032258,Cc1nn(CC(=O)NCCCN2CCCCC2)c(=O)c2cc(-c3ccccc3)nn12,408.5,1.86,1,5,7,84.5,4,0.603,O=C(Cn1ncn2nc(-c3ccccc3)cc2c1=O)NCCCN1CCCCC1,9727616,-1,prospective,0.6868879999999999,0.2903225806451613,True
2382377323,5cav_a_4zq_1101,-9.298,True,2382377323,-1,prospective,0.8077,7.28474,-9.46014,success,2382377323,0.3548387096774194,25,1.0943032258064518,O=C(NCc1nc(-c2ccccc2)n[nH]1)[C@]12CC[C@H](N3CCOCC3)C[C@@H]1CCNC2,424.5,1.57,3,6,5,95.2,3,0.674,O=C(NCc1nc(-c2ccccc2)n[nH]1)C12CCC(N3CCOCC3)CC1CCNC2,2382377323,-1,prospective,0.6868879999999999,0.2903225806451613,True
1857730559,1m17_a_aq4_999,-9.469,True,1857730559,-1,prospective,0.80642,7.07903,-9.46959,success,1857730559,0.3548387096774194,24,1.0925690322580646,CN=c1[nH]c(C(=O)N2CC(=O)N3[C@@H](C[C@H](C(=O)OC)[C@@H]3c3ccccc3)C2)cs1,414.5,1.19,1,6,3,95.1,1,0.764,N=c1[nH]c(C(=O)N2CC(=O)N3C(CCC3c3ccccc3)C2)cs1,1857730559,-1,prospective,0.6868879999999999,0.2903225806451613,True
2386276744,5cav_a_4zq_1101,-8.922,True,2386276744,-1,prospective,0.84647,7.47046,-8.50037,success,2386276744,0.2903225806451613,22,1.0922193548387096,COc1ccc(N2CCN(c3nc(-c4cccnc4)nc4c3CCNC4=O)CC2)cn1,417.5,1.55,1,8,4,96.4,4,0.683,O=C1NCCc2c1nc(-c1cccnc1)nc2N1CCN(c2cccnc2)CC1,2386276744,-1,prospective,0.6868879999999999,0.2903225806451613,True
2802487,5cav_a_4zq_1101,-7.649,True,2802487,-1,prospective,0.8248,6.73706,-7.64867,success,2802487,0.3225806451612903,22,1.0908645161290322,CCn1ccc(CNC(=O)[C@@H]2CCCN(S(=O)(=O)c3cn(CC)nc3C)C2)n1,408.5,1.14,1,5,7,102.1,4,0.74,O=C(NCc1cc[nH]n1)C1CCCN(S(=O)(=O)c2cn[nH]c2)C1,2802487,-1,prospective,0.6868879999999999,0.2903225806451613,True
1857722974,5cav_a_4zq_1101,-9.185,True,1857722974,-1,prospective,0.80485,7.50102,-9.42863,success,1857722974,0.3548387096774194,23,1.090441935483871,CN1CCO[C@@H](C(=O)N2CCC3(CCc4c(O)nc(-c5ccccc5)nc43)CC2)C1,408.5,1.99,1,6,2,78.8,2,0.819,O=C(C1CNCCO1)N1CCC2(CCc3cnc(-c4ccccc4)nc32)CC1,1857722974,-1,prospective,0.6868879999999999,0.2903225806451613,True
1772816466,4hjo_a_aq4_1001,-9.842,True,1772816466,-1,prospective,0.83152,7.6632,-10.07602,success,1772816466,0.3064516129032258,29,1.0863406451612903,Cc1ncsc1CN1C[C@@H]2CN(C(=O)c3cnn4ccn(C)c34)C[C@]2(CO)C1,400.5,1.0,1,6,4,78.9,4,0.707,O=C(c1cnn2cc[nH]c12)N1CC2CN(Cc3cncs3)CC2C1,1772816466,-1,prospective,0.6868879999999999,0.2903225806451613,True
14748828,1xkk_a_fmm_91,-9.539,True,14748828,-1,prospective,0.77411,7.6288,-9.5414,success,14748828,0.4032258064516129,26,1.086251129032258,O=C1[C@@H]2CSCN2C(=O)[C@H]2CN(Cc3cnn(-c4ccccc4Cl)c3)CCN12,417.9,1.45,0,5,3,61.7,2,0.756,O=C1C2CSCN2C(=O)C2CN(Cc3cnn(-c4ccccc4)c3)CCN12,14748828,-1,prospective,0.6868879999999999,0.2903225806451613,True
2384419469,5cav_a_4zq_1101,-9.039,True,2384419469,-1,prospective,0.84066,7.99425,-9.03804,success,2384419469,0.2903225806451613,21,1.0847225806451612,Cn1ccc2c(N3C[C@H]4[C@@H](CNC(=O)Cn5cccn5)[C@@H]5CC[C@@]4(C3)O5)ccnc21,406.5,1.57,1,5,5,77.2,4,0.696,O=C(Cn1cccn1)NCC1C2CCC3(CN(c4ccnc5[nH]ccc45)CC13)O2,2384419469,-1,prospective,0.6868879999999999,0.2903225806451613,True
2782499,5cav_a_4zq_1101,-7.041,True,2782499,-1,prospective,0.82903,7.09588,-7.04023,success,2782499,0.3064516129032258,21,1.0830875806451612,CCn1cc(NC(=O)c2c(Br)c(C(F)(F)F)nn2C)c(C(N)=O)n1,409.2,1.77,2,4,4,107.8,4,0.803,O=C(Nc1cn[nH]c1)c1ccn[nH]1,2782499,-1,prospective,0.6868879999999999,0.2903225806451613,True
1772711984,4hjo_a_aq4_1001,-8.561,True,1772711984,-1,prospective,0.82715,7.42474,-8.75344,success,1772711984,0.3064516129032258,28,1.0806314516129032,Cc1nc(C(=O)N2C[C@H]3CN(C(=O)c4cc(CC(C)C)no4)C[C@]3(CO)C2)cs1,418.5,1.84,1,7,5,99.8,2,0.795,O=C(c1cscn1)N1CC2CN(C(=O)c3ccno3)CC2C1,1772711984,-1,prospective,0.6868879999999999,0.2903225806451613,True
1772816276,1xkk_a_fmm_91,-9.217,True,1772816276,-1,prospective,0.77833,7.87852,-9.61707,success,1772816276,0.3870967741935484,27,1.0796190322580645,CC(C)Cc1cc(C(=O)N2C[C@@H]3CN(Cc4nccs4)C[C@@]3(CO)C2)nc(O)n1,417.5,1.4,2,8,6,102.7,3,0.732,O=C(c1ccncn1)N1CC2CN(Cc3nccs3)CC2C1,1772816276,-1,prospective,0.6868879999999999,0.2903225806451613,True
2383336070,5cav_a_4zq_1101,-8.804,True,2383336070,-1,prospective,0.79365,7.18113,-9.0184,success,2383336070,0.3548387096774194,25,1.075267741935484,C[C@]1(NC(=O)c2cccc(F)c2)CCOC2(CCN(Cc3cnc[nH]3)CC2)[C@@H]1O,402.5,1.85,3,5,4,90.5,2,0.726,O=C(NC1CCOC2(CCN(Cc3cnc[nH]3)CC2)C1)c1ccccc1,2383336070,-1,prospective,0.6868879999999999,0.2903225806451613,True
2100482315,5cav_a_4zq_1101,-8.122,True,2100482315,-1,prospective,0.80083,7.16361,-8.12121,success,2100482315,0.3387096774193548,25,1.072078870967742,COc1ccc(Cc2n[nH]c(=NC(=O)c3nnc4n3CCCC4)s2)cc1OC,400.5,1.75,1,7,5,107.3,5,0.699,O=C(N=c1[nH]nc(Cc2ccccc2)s1)c1nnc2n1CCCC2,2100482315,-1,prospective,0.6868879999999999,0.2903225806451613,True
2382422545,5cav_a_4zq_1101,-7.541,True,2382422545,-1,prospective,0.81837,7.4796,-7.71443,success,2382422545,0.3064516129032258,22,1.069160806451613,CCOCC(=O)N[C@@]1(C)CCOC2(CCN(c3nc(C)nc(C)c3C)CC2)[C@@H]1O,406.5,1.43,2,7,5,96.8,2,0.764,c1cc(N2CCC3(CCCCO3)CC2)ncn1,2382422545,-1,prospective,0.6868879999999999,0.2903225806451613,True
14969920,5cav_a_4zq_1101,-8.034,True,14969920,-1,prospective,0.78811,6.84654,-8.03616,success,14969920,0.3548387096774194,24,1.067761935483871,Cc1cc(CNC(=O)c2cccc(OC3CCN(S(=O)(=O)N(C)C)CC3)c2)on1,422.5,1.56,1,6,7,105.0,1,0.726,O=C(NCc1ccno1)c1cccc(OC2CCNCC2)c1,14969920,-1,prospective,0.6868879999999999,0.2903225806451613,True
20998295,1xkk_a_fmm_91,-8.854,True,20998295,-1,prospective,0.75861,7.45512,-8.85638,success,20998295,0.4032258064516129,28,1.0645011290322581,CN(Cc1csc(-c2ccccc2)n1)C(=O)Cn1nnnc1CN1CCOCC1,413.5,1.29,0,8,7,89.3,5,0.576,O=C(Cn1nnnc1CN1CCOCC1)NCc1csc(-c2ccccc2)n1,20998295,-1,prospective,0.6868879999999999,0.2903225806451613,True
14991457,1xkk_a_fmm_91,-8.813,True,14991457,-1,prospective,0.7751,7.32897,-8.81629,success,14991457,0.3709677419354839,28,1.0626370967741936,COCCNC(=O)c1cn([C@@H]2CCCN(C(=O)c3cc(OC)ccc3OC)C2)nn1,417.5,1.15,1,7,8,107.8,3,0.642,O=C(c1ccccc1)N1CCCC(n2ccnn2)C1,14991457,-1,prospective,0.6868879999999999,0.2903225806451613,True
55566583,1m17_a_aq4_999,-8.405,True,55566583,-1,prospective,0.81282,7.45851,-8.40563,success,55566583,0.3064516129032258,23,1.06191,CCN1CCN(C(=O)c2cc3c(=O)n4cccc(C)c4nc3n2CCCOC)CC1,411.5,1.77,0,5,6,72.1,3,0.578,O=C(c1cc2c(=O)n3ccccc3nc2[nH]1)N1CCNCC1,55566583,-1,prospective,0.6868879999999999,0.2903225806451613,True
16732379,5cav_a_4zq_1101,-7.427,True,16732379,-1,prospective,0.81499,7.57083,-7.42634,success,16732379,0.2903225806451613,20,1.0515999999999999,CCOc1ccc(-c2nc3s/c(=C/c4ccc(OCC(N)=O)cc4)c(=O)n3n2)cc1,422.5,1.63,1,7,7,108.8,3,0.485,O=c1c(=Cc2ccccc2)sc2nc(-c3ccccc3)nn12,16732379,-1,prospective,0.6868879999999999,0.2903225806451613,True
2382376931,4hjo_a_aq4_1001,-7.916,True,2382376931,-1,prospective,0.80432,7.18569,-7.92051,success,2382376931,0.3064516129032258,25,1.0508051612903226,Cc1cc(CNC(=O)[C@]23CCCN(Cc4cnn(C)c4C)[C@@H]2CN(C)CC3)no1,400.5,1.63,1,6,5,79.4,3,0.822,O=C(NCc1ccon1)C12CCCN(Cc3cn[nH]c3)C1CNCC2,2382376931,-1,prospective,0.6868879999999999,0.2903225806451613,True
725360604,1m17_a_aq4_999,-8.128,True,725360604,-1,prospective,0.79371,7.61105,-7.75111,success,725360604,0.3225806451612903,21,1.0497454838709677,COc1ncccc1-c1cnn2ccc(N3CCN(C(=O)OC4(C)COC4)CC3)nc12,424.5,1.85,0,8,4,94.3,4,0.626,O=C(OC1COC1)N1CCN(c2ccn3ncc(-c4cccnc4)c3n2)CC1,725360604,-1,prospective,0.6868879999999999,0.2903225806451613,True
67613503,5cav_a_4zq_1101,-8.642,True,67613503,-1,prospective,0.80226,7.06977,-8.64442,success,67613503,0.3064516129032258,21,1.0481138709677418,Cc1ccccc1-c1noc(CNC(=O)C2CCN(S(=O)(=O)N(C)C)CC2)n1,407.5,1.18,1,6,6,108.6,2,0.77,O=C(NCc1nc(-c2ccccc2)no1)C1CCNCC1,67613503,-1,prospective,0.6868879999999999,0.2903225806451613,True
2386271720,5cav_a_4zq_1101,-8.926,True,2386271720,-1,prospective,0.81188,7.55599,-8.49721,success,2386271720,0.2903225806451613,20,1.0475870967741936,Cc1nc(CN2CCN(c3nc(-c4cccnc4)nc4c3CCNC4=O)CC2)cs1,421.5,1.91,1,8,4,87.1,4,0.689,O=C1NCCc2c1nc(-c1cccnc1)nc2N1CCN(Cc2cscn2)CC1,2386271720,-1,prospective,0.6868879999999999,0.2903225806451613,True
19812869,5cav_a_4zq_1101,-7.361,True,19812869,-1,prospective,0.78159,7.10896,-7.36378,success,19812869,0.3387096774193548,24,1.0463220967741935,COc1ccc(CN2CCNC(=O)[C@H]2CC(=O)N(C)Cc2ccno2)c(OC)c1,402.5,1.04,1,7,8,97.1,1,0.705,O=C(CC1C(=O)NCCN1Cc1ccccc1)NCc1ccno1,19812869,-1,prospective,0.6868879999999999,0.2903225806451613,True
2384425049,4hjo_a_aq4_1001,-10.657,True,2384425049,-1,prospective,0.799,7.31267,-10.65818,success,2384425049,0.3064516129032258,25,1.0438548387096775,O=C(N[C@H]1CC12CCN(C(=O)C1CCOCC1)CC2)c1n[nH]c(C(F)(F)F)n1,401.4,1.36,2,5,3,100.2,3,0.797,O=C(NC1CC12CCN(C(=O)C1CCOCC1)CC2)c1nc[nH]n1,2384425049,-1,prospective,0.6868879999999999,0.2903225806451613,True
65362503,1xkk_a_fmm_91,-9.797,True,65362503,-1,prospective,0.76138,7.09516,-9.79665,success,65362503,0.3709677419354839,27,1.0438274193548387,CCS(=O)(=O)N1CCC[C@@H](C(=O)Nc2c(C)n(C)n(-c3ccccc3)c2=O)C1,406.5,1.48,1,4,5,93.4,2,0.814,O=C(Nc1c[nH]n(-c2ccccc2)c1=O)C1CCCNC1,65362503,-1,prospective,0.6868879999999999,0.2903225806451613,True
20996599,5cav_a_4zq_1101,-7.843,True,20996599,-1,prospective,0.77742,7.02145,-7.84656,success,20996599,0.3387096774193548,22,1.0407396774193547,Cc1ccc2nc(CNC(=O)[C@H]3CCC(=O)N(CCCN4CCOCC4)C3)cn2c1,413.5,1.22,1,5,7,79.2,2,0.738,O=C(NCc1cn2ccccc2n1)C1CCC(=O)N(CCCN2CCOCC2)C1,20996599,-1,prospective,0.6868879999999999,0.2903225806451613,True
2384419678,4hjo_a_aq4_1001,-8.327,True,2384419678,-1,prospective,0.80564,7.25889,-8.34135,success,2384419678,0.2903225806451613,23,1.0395354838709678,COC(=O)c1cc2n(n1)CCN(C(=O)c1c(C)cc(C3CCOCC3)oc1=O)C2,401.4,1.48,0,7,3,103.9,2,0.718,O=C(c1ccc(C2CCOCC2)oc1=O)N1CCn2nccc2C1,2384419678,-1,prospective,0.6868879999999999,0.2903225806451613,True
95530494,1xkk_a_fmm_91,-9.911,True,95530494,-1,prospective,0.74882,7.05255,-9.91422,success,95530494,0.3870967741935484,24,1.0386858064516131,Cn1cnc(S(=O)(=O)N2CCC[C@@H](CNC(=O)c3cc4ccccc4[nH]3)C2)c1,401.5,1.73,2,4,5,100.1,3,0.68,O=C(NCC1CCCN(S(=O)(=O)c2c[nH]cn2)C1)c1cc2ccccc2[nH]1,95530494,-1,prospective,0.6868879999999999,0.2903225806451613,True
2382332887,1xkk_a_fmm_91,-9.927,True,2382332887,-1,prospective,0.79445,7.28651,-10.17895,success,2382332887,0.3064516129032258,22,1.0379104838709676,CC(=O)N[C@@]1(C)CCOC2(CCN(C(=O)c3cc(C)n(C(F)F)n3)CC2)[C@@H]1O,400.4,1.24,2,5,3,96.7,2,0.796,O=C(c1cc[nH]n1)N1CCC2(CCCCO2)CC1,2382332887,-1,prospective,0.6868879999999999,0.2903225806451613,True
14982751,1m17_a_aq4_999,-8.628,True,14982751,-1,prospective,0.7916,7.71212,-8.63566,success,14982751,0.3064516129032258,20,1.0341870967741935,Cc1cnc(SCCN2CCOCC2)nc1[C@@H]1CCCN(C(=O)[C@H]2CCOC2)C1,420.6,1.95,0,7,6,67.8,2,0.515,O=C(C1CCOC1)N1CCCC(c2ccnc(SCCN3CCOCC3)n2)C1,14982751,-1,prospective,0.6868879999999999,0.2903225806451613,True
14542851,5cav_a_4zq_1101,-7.181,True,14542851,-1,prospective,0.79066,7.38838,-7.1791,success,14542851,0.3064516129032258,21,1.0329590322580646,COC(=O)CCN1C[C@H](OCc2ccncc2)CN(C(=O)[C@@H]2CC=CCC2)CC1=O,415.5,1.56,0,6,7,89.0,1,0.496,O=C1CN(C(=O)C2CC=CCC2)CC(OCc2ccncc2)CN1,14542851,-1,prospective,0.6868879999999999,0.2903225806451613,True
2382433281,1xkk_a_fmm_91,-9.53,True,2382433281,-1,prospective,0.75266,7.79359,-9.76078,success,2382433281,0.3709677419354839,28,1.0318725806451614,Cc1cc(C(=O)N[C@]2(C)CC3(CCN(Cc4cncs4)CC3)OC[C@H]2O)on1,406.5,1.74,2,8,4,100.7,2,0.798,O=C(NC1CCOC2(CCN(Cc3cncs3)CC2)C1)c1ccno1,2382433281,-1,prospective,0.6868879999999999,0.2903225806451613,True
13636726,1xkk_a_fmm_91,-8.471,True,13636726,-1,prospective,0.72627,7.51835,-8.4704,success,13636726,0.41935483870967744,32,1.0308348387096775,COc1ccc(CN2CCNC(=O)[C@H]2CC(=O)NCc2cccc(C)n2)c(OC)c1,412.5,1.41,2,6,8,92.8,1,0.681,O=C(CC1C(=O)NCCN1Cc1ccccc1)NCc1ccccn1,13636726,-1,prospective,0.6868879999999999,0.2903225806451613,True
14997084,1xkk_a_fmm_91,-8.734,True,14997084,-1,prospective,0.75835,7.74957,-8.73203,success,14997084,0.3548387096774194,25,1.027441935483871,COc1ccc(F)c(CN2CCc3nnc(CCNC(=O)C4CCC4)n3CC2)c1,401.5,1.94,1,5,7,72.3,3,0.768,O=C(NCCc1nnc2n1CCN(Cc1ccccc1)CC2)C1CCC1,14997084,-1,prospective,0.6868879999999999,0.2903225806451613,True
12587004,1xkk_a_fmm_91,-8.3,True,12587004,-1,prospective,0.74553,7.80371,-8.29925,success,12587004,0.3709677419354839,28,1.0220975806451613,CCOc1ccccc1CN1CCNC(=O)[C@H]1CC(=O)N(C)Cc1nccs1,402.5,1.89,1,6,8,74.8,1,0.73,O=C(CC1C(=O)NCCN1Cc1ccccc1)NCc1nccs1,12587004,-1,prospective,0.6868879999999999,0.2903225806451613,True
91401411,1xkk_a_fmm_91,-10.504,True,91401411,-1,prospective,0.77245,7.43221,-10.01032,success,91401411,0.3225806451612903,23,1.0216274193548387,Cc1ccn(-c2cc(N3CCN(S(=O)(=O)c4ccc(F)cc4)CC3)ncn2)n1,402.5,1.62,0,6,4,84.2,4,0.659,O=S(=O)(c1ccccc1)N1CCN(c2cc(-n3cccn3)ncn2)CC1,91401411,-1,prospective,0.6868879999999999,0.2903225806451613,True
2382413487,5cav_a_4zq_1101,-7.763,True,2382413487,-1,prospective,0.75334,6.94437,-7.76264,success,2382413487,0.3548387096774194,23,1.0206541935483873,Cc1noc(C)c1C(=O)NC[C@H]1CC[C@@H](CC(=O)N2CCOCC2)N1CC1CC1,404.5,1.51,1,6,7,87.9,1,0.741,O=C(NCC1CCC(CC(=O)N2CCOCC2)N1CC1CC1)c1cnoc1,2382413487,-1,prospective,0.6868879999999999,0.2903225806451613,True
2382408255,5cav_a_4zq_1101,-8.124,True,2382408255,-1,prospective,0.76228,7.11592,-8.33428,success,2382408255,0.3387096774193548,23,1.0204716129032256,CCC(=O)N[C@@]1(C)CC2(CCN(C(=O)c3ccc4nccn4c3)CC2)OC[C@@H]1O,400.5,1.38,2,5,3,96.2,2,0.811,O=C(c1ccc2nccn2c1)N1CCC2(CCCCO2)CC1,2382408255,-1,prospective,0.6868879999999999,0.2903225806451613,True
1772705934,1xkk_a_fmm_91,-8.086,True,1772705934,-1,prospective,0.73471,7.62895,-8.26768,success,1772705934,0.3870967741935484,30,1.0191138709677419,CSc1ccccc1C(=O)N1C[C@@H]2CN(C(=O)CCc3cn[nH]c3)C[C@]2(CO)C1,414.5,1.66,2,5,6,89.5,2,0.702,O=C(CCc1cn[nH]c1)N1CC2CN(C(=O)c3ccccc3)CC2C1,1772705934,-1,prospective,0.6868879999999999,0.2903225806451613,True
2382375620,5cav_a_4zq_1101,-8.164,True,2382375620,-1,prospective,0.7752,7.36769,-8.16402,success,2382375620,0.3064516129032258,20,1.0127612903225807,CCN1CC[C@H]2C[C@H](N3CCOCC3)CC[C@]2(C(=O)NCc2n[nH]c3c2CCC3)C1,415.6,1.73,2,5,5,73.5,2,0.766,O=C(NCc1n[nH]c2c1CCC2)C12CCC(N3CCOCC3)CC1CCNC2,2382375620,-1,prospective,0.6868879999999999,0.2903225806451613,True
1875246560,5cav_a_4zq_1101,-9.717,True,1875246560,-1,prospective,0.765,7.18167,-9.71485,success,1875246560,0.3225806451612903,21,1.011774193548387,O=C1N[C@@H]2COC[C@H]1CN(C(=O)c1ccccc1-c1nc(-c3ccccc3)no1)C2,404.4,1.99,1,6,3,97.6,2,0.717,O=C1NC2COCC1CN(C(=O)c1ccccc1-c1nc(-c3ccccc3)no1)C2,1875246560,-1,prospective,0.6868879999999999,0.2903225806451613,True
2802294,5cav_a_4zq_1101,-7.609,True,2802294,-1,prospective,0.7637,6.44501,-7.60722,success,2802294,0.3225806451612903,21,1.0100548387096775,CCn1cc(S(=O)(=O)N2CCC[C@@H](C(=O)Nc3cnn(CC)c3C)C2)c(C)n1,408.5,1.78,1,5,6,102.1,4,0.785,O=C(Nc1cn[nH]c1)C1CCCN(S(=O)(=O)c2cn[nH]c2)C1,2802294,-1,prospective,0.6868879999999999,0.2903225806451613,True
1857678366,1m17_a_aq4_999,-8.88,True,1857678366,-1,prospective,0.76113,7.95862,-8.86544,success,1857678366,0.3225806451612903,23,1.006655806451613,NC(=O)Cc1nc(-c2ccc(N3CCOCC3)nc2)n(Cc2cccc(Cl)c2)n1,412.9,1.91,1,6,6,99.2,4,0.663,c1ccc(Cn2ncnc2-c2ccc(N3CCOCC3)nc2)cc1,1857678366,-1,prospective,0.6868879999999999,0.2903225806451613,True
670436347,5cav_a_4zq_1101,-8.464,True,670436347,-1,prospective,0.77942,7.0546,-8.6679,success,670436347,0.2903225806451613,21,1.0057032258064516,Cc1sc2nc(CCNC(=O)[C@H]3[C@@H]4C=C[C@@]5(CN(C)C(=O)[C@@H]35)O4)nc(O)c2c1C,414.5,1.08,2,7,4,104.7,2,0.726,O=C(NCCc1ncc2ccsc2n1)C1C2C=CC3(CNC(=O)C13)O2,670436347,-1,prospective,0.6868879999999999,0.2903225806451613,True
2384432752,1xkk_a_fmm_91,-8.761,True,2384432752,-1,prospective,0.7272,6.90024,-8.75821,success,2384432752,0.3709677419354839,26,0.9969677419354839,COc1cc(-c2nccn2[C@H]2COC[C@H]2CS(=O)(=O)N(C)C)cc2c1OCO2,409.5,1.37,0,7,6,92.1,2,0.711,c1cn(C2CCOC2)c(-c2ccc3c(c2)OCO3)n1,2384432752,-1,prospective,0.6868879999999999,0.2903225806451613,True
1857667430,1m17_a_aq4_999,-8.251,True,1857667430,-1,prospective,0.77208,7.74516,-8.25167,success,1857667430,0.2903225806451613,20,0.9962322580645161,O=C(NC[C@@H]1CN(CC2CCN(CC3CC3)CC2)C(=O)CO1)c1cc(C2CC2)no1,416.5,1.63,1,6,8,87.9,1,0.693,O=C(NCC1CN(CC2CCN(CC3CC3)CC2)C(=O)CO1)c1cc(C2CC2)no1,1857667430,-1,prospective,0.6868879999999999,0.2903225806451613,True
15000744,1xkk_a_fmm_91,-10.091,True,15000744,-1,prospective,0.72658,7.46261,-10.09351,success,15000744,0.3709677419354839,25,0.996117741935484,CO[C@H](C(=O)N1CCc2nnc(CNC(=O)c3ccccc3)n2CC1)c1ccccc1,419.5,1.98,1,5,6,89.3,3,0.66,O=C(NCc1nnc2n1CCN(C(=O)Cc1ccccc1)CC2)c1ccccc1,15000744,-1,prospective,0.6868879999999999,0.2903225806451613,True
1857671335,5cav_a_4zq_1101,-9.049,True,1857671335,-1,prospective,0.74271,7.65549,-9.27279,success,1857671335,0.3387096774193548,23,0.994273064516129,O=C(Cn1ccccc1=O)N1CCC[C@]2(CCc3c(O)nc(-c4cccnc4)nc32)C1,417.5,1.91,1,6,3,101.2,4,0.699,O=C(Cn1ccccc1=O)N1CCCC2(CCc3cnc(-c4cccnc4)nc32)C1,1857671335,-1,prospective,0.6868879999999999,0.2903225806451613,True
55133859,1xkk_a_fmm_91,-8.793,True,55133859,-1,prospective,0.70501,7.36233,-8.79022,success,55133859,0.4032258064516129,28,0.9892882258064517,CC(C)(NC(=O)c1cccs1)C(=O)NC[C@@H](c1ccncc1)N1CCOCC1,402.5,1.84,2,6,7,83.6,1,0.738,O=C(CNC(=O)c1cccs1)NCC(c1ccncc1)N1CCOCC1,55133859,-1,prospective,0.6868879999999999,0.2903225806451613,True
2382375074,4hjo_a_aq4_1001,-7.61,True,2382375074,-1,prospective,0.73862,7.11902,-7.61106,success,2382375074,0.3387096774193548,31,0.9887977419354839,Cc1nonc1CNC(=O)[C@]12CCCN(C(=O)c3cccs3)[C@@H]1CN(C)CC2,403.5,1.68,1,7,4,91.6,2,0.835,O=C(c1cccs1)N1CCCC2(C(=O)NCc3cnon3)CCNCC12,2382375074,-1,prospective,0.6868879999999999,0.2903225806451613,True
2382405700,1xkk_a_fmm_91,-9.893,True,2382405700,-1,prospective,0.71249,7.64231,-9.89932,success,2382405700,0.3870967741935484,26,0.9882925806451613,O=C(c1cc[nH]c1)N1CCc2c(C(=O)N3CCC[C@H](Cn4ccnc4)C3)n[nH]c2C1,407.5,1.69,2,4,4,102.9,5,0.687,O=C(c1cc[nH]c1)N1CCc2c(C(=O)N3CCCC(Cn4ccnc4)C3)n[nH]c2C1,2382405700,-1,prospective,0.6868879999999999,0.2903225806451613,True
11955950,5cav_a_4zq_1101,-8.21,True,11955950,-1,prospective,0.73811,7.01334,-8.21137,success,11955950,0.3387096774193548,21,0.988115,Cc1cnc(CNC(=O)c2cccc(OC3CCN(S(C)(=O)=O)CC3)c2)cn1,404.5,1.52,1,6,6,101.5,2,0.783,O=C(NCc1cnccn1)c1cccc(OC2CCNCC2)c1,11955950,-1,prospective,0.6868879999999999,0.2903225806451613,True
2356153854,5cav_a_4zq_1101,-8.328,True,2356153854,-1,prospective,0.73793,7.33037,-8.33452,success,2356153854,0.3387096774193548,25,0.9878740322580645,CC(C)CC[C@H]1[C@H]2C[C@H](CN(C(=O)CC[C@@H]3NC(=O)NC3=O)C2)c2cccc(=O)n21,414.5,1.76,2,4,6,100.5,1,0.693,O=C1NC(=O)C(CCC(=O)N2CC3CC(C2)c2cccc(=O)n2C3)N1,2356153854,-1,prospective,0.6868879999999999,0.2903225806451613,True
1875250194,5cav_a_4zq_1101,-8.728,True,1875250194,-1,prospective,0.75592,7.88384,-8.93682,success,1875250194,0.3064516129032258,23,0.9875729032258065,OC1CN(c2nc(-c3cccnc3)nc3c2CC[C@@]32CCCN(Cc3ncc[nH]3)C2)C1,417.5,1.92,2,7,4,94.1,5,0.67,c1cncc(-c2nc(N3CCC3)c3c(n2)C2(CCCN(Cc4ncc[nH]4)C2)CC3)c1,1875250194,-1,prospective,0.6868879999999999,0.2903225806451613,True
629019,5cav_a_4zq_1101,-7.314,True,629019,-1,prospective,0.7454,6.53344,-7.31987,success,629019,0.3225806451612903,22,0.9858516129032256,COC(=O)[C@H](C)Sc1nc2c(c(=O)n(C)c(=O)n2C)n1Cc1ccccc1Cl,422.9,1.79,0,6,5,88.1,4,0.46,O=c1[nH]c(=O)c2c(ncn2Cc2ccccc2)[nH]1,629019,-1,prospective,0.6868879999999999,0.2903225806451613,True
77440799,5cav_a_4zq_1101,-7.828,True,77440799,-1,prospective,0.72488,7.95691,-7.8377,success,77440799,0.3548387096774194,23,0.9820954838709678,COc1cccc(CN2C[C@]34C=C[C@H](O3)[C@H](C(=O)N(C)Cc3ccno3)[C@H]4C2=O)c1,409.4,1.62,0,6,6,85.1,1,0.674,O=C(NCc1ccno1)C1C2C=CC3(CN(Cc4ccccc4)C(=O)C13)O2,77440799,-1,prospective,0.6868879999999999,0.2903225806451613,True
77298616,1xkk_a_fmm_91,-9.97,True,77298616,-1,prospective,0.72477,7.63862,-9.97534,success,77298616,0.3548387096774194,25,0.9819464516129034,Cc1cccc(CN2C[C@]34C=C[C@H](O3)[C@H](C(=O)N(C)Cc3nc(C)c[nH]3)[C@H]4C2=O)c1,406.5,1.97,1,4,5,78.5,2,0.77,O=C(NCc1ncc[nH]1)C1C2C=CC3(CN(Cc4ccccc4)C(=O)C13)O2,77298616,-1,prospective,0.6868879999999999,0.2903225806451613,True
11703271,1xkk_a_fmm_91,-8.608,True,11703271,-1,prospective,0.699,7.07393,-8.60991,success,11703271,0.4032258064516129,27,0.9808548387096774,CCOC(=O)C[C@@H]1COCCN1C(=O)c1cn(Cc2ccc(F)cc2Cl)nn1,410.8,1.91,0,6,6,86.5,3,0.676,O=C(c1cn(Cc2ccccc2)nn1)N1CCOCC1,11703271,-1,prospective,0.6868879999999999,0.2903225806451613,True
39383771,1xkk_a_fmm_91,-10.427,True,39383771,-1,prospective,0.75919,7.70574,-9.39283,success,39383771,0.2903225806451613,20,0.9796,Cc1nc(N2CCN(C)CC2)ncc1-c1cc(=O)[nH]c(N2CCc3ccccc3C2)n1,417.5,1.85,1,7,3,81.2,4,0.697,O=c1cc(-c2cnc(N3CCNCC3)nc2)nc(N2CCc3ccccc3C2)[nH]1,39383771,-1,prospective,0.6868879999999999,0.2903225806451613,True
2382301816,5cav_a_4zq_1101,-9.549,True,2382301816,-1,prospective,0.72976,6.94457,-9.5541,success,2382301816,0.3387096774193548,22,0.9769367741935483,Cc1noc2nc3c(c(C(=O)N[C@H]4CC45CCN(S(C)(=O)=O)CC5)c12)CCC3,404.5,1.56,1,6,3,105.4,2,0.832,O=C(NC1CC12CCNCC2)c1c2c(nc3oncc13)CCC2,2382301816,-1,prospective,0.6868879999999999,0.2903225806451613,True
77323072,1m17_a_aq4_999,-8.22,True,77323072,-1,prospective,0.7566,8.06153,-8.22047,success,77323072,0.2903225806451613,20,0.9762580645161291,CCN(Cc1noc(C)n1)C(=O)[C@@H]1[C@@H]2C=C[C@@]3(CN(Cc4cccnc4)C(=O)[C@@H]13)O2,409.4,1.1,0,7,6,101.7,3,0.659,O=C(NCc1ncon1)C1C2C=CC3(CN(Cc4cccnc4)C(=O)C13)O2,77323072,-1,prospective,0.6868879999999999,0.2903225806451613,True
1875247288,1xkk_a_fmm_91,-9.909,True,1875247288,-1,prospective,0.70377,7.57208,-9.91686,success,1875247288,0.3870967741935484,26,0.9761970967741936,CS(=O)(=O)NCc1cnc2c(c1)CN(C(=O)c1ccc(-n3ccnc3)cc1)CC2,411.5,1.51,1,5,5,97.2,3,0.687,O=C(c1ccc(-n2ccnc2)cc1)N1CCc2ncccc2C1,1875247288,-1,prospective,0.6868879999999999,0.2903225806451613,True
2382426218,1xkk_a_fmm_91,-10.37,True,2382426218,-1,prospective,0.70278,7.54204,-10.36971,success,2382426218,0.3870967741935484,26,0.9748238709677419,O=C(Cn1ccnc1-c1ccccc1)NC[C@H]1[C@@H]2CNC[C@@H](C2)c2cccc(=O)n21,403.5,1.78,2,4,5,81.0,3,0.681,O=C(Cn1ccnc1-c1ccccc1)NCC1C2CNCC(C2)c2cccc(=O)n21,2382426218,-1,prospective,0.6868879999999999,0.2903225806451613,True
2382385408,5cav_a_4zq_1101,-7.609,True,2382385408,-1,prospective,0.73691,6.12765,-7.61132,success,2382385408,0.3225806451612903,22,0.9746229032258064,CO[C@H]1CC[C@@H](C(=O)NCc2cc(F)ccc2F)C[C@@H]1NC(=O)c1cnccn1,404.4,1.98,2,5,6,93.2,2,0.768,O=C(NC1CCCC(C(=O)NCc2ccccc2)C1)c1cnccn1,2382385408,-1,prospective,0.6868879999999999,0.2903225806451613,True
12302360,5cav_a_4zq_1101,-7.988,True,12302360,-1,prospective,0.73677,7.51674,-7.99156,success,12302360,0.3225806451612903,21,0.9744377419354838,CC1CCN(Cc2nnnn2CC(=O)NCCc2cnn(-c3ccccc3)c2)CC1,408.5,1.45,1,6,8,93.8,6,0.606,O=C(Cn1nnnc1CN1CCCCC1)NCCc1cnn(-c2ccccc2)c1,12302360,-1,prospective,0.6868879999999999,0.2903225806451613,True
2382424911,1xkk_a_fmm_91,-9.878,True,2382424911,-1,prospective,0.7161,7.34899,-9.44948,success,2382424911,0.3548387096774194,27,0.9702000000000001,COC(=O)c1ccccc1C[C@@H]1CCN(C(=O)c2cnc(N3CCOCC3)nc2)C1,410.5,1.8,0,7,5,84.9,2,0.695,O=C(c1cnc(N2CCOCC2)nc1)N1CCC(Cc2ccccc2)C1,2382424911,-1,prospective,0.6868879999999999,0.2903225806451613,True
1857667960,4hjo_a_aq4_1001,-9.777,True,1857667960,-1,prospective,0.75189,7.29238,-9.53333,success,1857667960,0.2903225806451613,27,0.9701806451612902,Cc1ccc2oc(N3CCC(C(=O)N4CCO[C@H]5C[C@H](CO)C[C@@H]54)CC3)nc2n1,400.5,1.75,1,7,3,91.9,2,0.839,O=C(C1CCN(c2nc3ncccc3o2)CC1)N1CCOC2CCCC21,1857667960,-1,prospective,0.6868879999999999,0.2903225806451613,True
952965903,1xkk_a_fmm_91,-8.104,True,952965903,-1,prospective,0.74123,6.95508,-8.45777,success,952965903,0.3064516129032258,27,0.9683811290322581,Cc1cc(O)nc2ccc(S(=O)(=O)N3CCN(CC(C)C)[C@@H](CCO)C3)cc12,407.5,1.96,2,6,6,94.0,1,0.76,O=S(=O)(c1ccc2ncccc2c1)N1CCNCC1,952965903,-1,prospective,0.6868879999999999,0.2903225806451613,True
299795935,1xkk_a_fmm_91,-9.113,True,299795935,-1,prospective,0.73149,6.67786,-9.1199,success,299795935,0.3225806451612903,25,0.9674545161290322,Cc1nonc1CN1CCC(N2C[C@@H](COc3ccc(F)cc3)OCC2=O)CC1,404.4,1.79,0,7,6,80.9,2,0.726,O=C1COC(COc2ccccc2)CN1C1CCN(Cc2cnon2)CC1,299795935,-1,prospective,0.6868879999999999,0.2903225806451613,True
1800414378,1xkk_a_fmm_91,-8.128,True,1800414378,-1,prospective,0.7134,7.75488,-8.13053,success,1800414378,0.3548387096774194,24,0.9665419354838711,CCCCc1nc(CN2CC[C@H]3[C@@H]2CC(=O)N3CCN2CCOCC2)c(Cl)[nH]1,410.0,1.91,1,5,8,64.7,2,0.71,O=C1CC2C(CCN2Cc2c[nH]cn2)N1CCN1CCOCC1,1800414378,-1,prospective,0.6868879999999999,0.2903225806451613,True
2386278033,1xkk_a_fmm_91,-10.236,True,2386278033,-1,prospective,0.73014,7.80217,-9.99054,success,2386278033,0.3225806451612903,22,0.9656690322580644,C[C@]1(O)CCCN(c2nc(Cc3ccc4c(c3)OCO4)nc3c2CCNC3=O)CC1,410.5,1.82,2,7,3,96.8,2,0.797,O=C1NCCc2c1nc(Cc1ccc3c(c1)OCO3)nc2N1CCCCCC1,2386278033,-1,prospective,0.6868879999999999,0.2903225806451613,True
2386276436,1m17_a_aq4_999,-9.588,True,2386276436,-1,prospective,0.74631,7.66072,-9.58601,success,2386276436,0.2903225806451613,21,0.9629806451612903,CC(C)[C@@H]1CN2C[C@@H](N=c3[nH]c(-c4ccccc4)nc4c3CCNC4=O)C[C@H]2CO1,407.5,1.76,2,5,3,82.6,2,0.812,O=C1NCCc2c1nc(-c1ccccc1)[nH]c2=NC1CC2COCCN2C1,2386276436,-1,prospective,0.6868879999999999,0.2903225806451613,True
2383334663,4hjo_a_aq4_1001,-8.638,True,2383334663,-1,prospective,0.70916,6.91358,-8.63612,success,2383334663,0.3548387096774194,28,0.9607974193548389,COC(=O)[C@H](Cc1ccccc1)NC(=O)[C@H]1CC[C@@H](NC(=O)c2ccnn2C)CC1,412.5,1.61,2,5,7,102.3,2,0.673,O=C(NC1CCC(C(=O)NCCc2ccccc2)CC1)c1ccn[nH]1,2383334663,-1,prospective,0.6868879999999999,0.2903225806451613,True
670474133,4hjo_a_aq4_1001,-9.993,True,670474133,-1,prospective,0.74237,7.61402,-10.00084,success,670474133,0.2903225806451613,28,0.9578967741935484,O=C(Cn1cnc2ccsc2c1=O)NC12C[C@@H]3C[C@H](C1)CC(n1ncnn1)(C3)C2,411.5,1.31,1,7,4,107.6,6,0.694,O=C(Cn1cnc2ccsc2c1=O)NC12CC3CC(C1)CC(n1ncnn1)(C3)C2,670474133,-1,prospective,0.6868879999999999,0.2903225806451613,True
2100544616,5cav_a_4zq_1101,-9.231,True,2100544616,-1,prospective,0.71493,7.60252,-9.45464,success,2100544616,0.3387096774193548,24,0.9570837096774193,Cc1cn(CC(=O)N2CCC[C@]23CCCN(Cc2ccccc2)C3=O)c(=O)nc1O,410.5,1.44,1,5,4,95.7,2,0.823,O=C(Cn1cccnc1=O)N1CCCC12CCCN(Cc1ccccc1)C2=O,2100544616,-1,prospective,0.6868879999999999,0.2903225806451613,True
19745154,4hjo_a_aq4_1001,-9.316,True,19745154,-1,prospective,0.72187,7.22445,-9.31735,success,19745154,0.3225806451612903,27,0.9547312903225806,COc1ccc(CN2CCc3nnc(CNC(=O)c4ccncc4)n3CC2)cc1OC,422.5,1.68,1,7,7,94.4,4,0.619,O=C(NCc1nnc2n1CCN(Cc1ccccc1)CC2)c1ccncc1,19745154,-1,prospective,0.6868879999999999,0.2903225806451613,True
2384427069,5cav_a_4zq_1101,-7.858,True,2384427069,-1,prospective,0.72953,7.43832,-7.52202,success,2384427069,0.3064516129032258,20,0.9530956451612903,CCCc1nnc(N2C[C@H]3[C@@H](CNC(=O)c4cnccn4)[C@@H]4CC[C@@]3(C2)O4)s1,400.5,1.69,1,8,6,93.1,4,0.789,O=C(NCC1C2CCC3(CN(c4nncs4)CC13)O2)c1cnccn1,2384427069,-1,prospective,0.6868879999999999,0.2903225806451613,True
72139194,5cav_a_4zq_1101,-8.174,True,72139194,-1,prospective,0.72005,6.83661,-8.17353,success,72139194,0.3225806451612903,21,0.952324193548387,CN1CCN(S(=O)(=O)c2cc(C(=O)NCc3ccccn3)ccc2Cl)CC1,408.9,1.6,1,5,5,82.6,1,0.812,O=C(NCc1ccccn1)c1cccc(S(=O)(=O)N2CCNCC2)c1,72139194,-1,prospective,0.6868879999999999,0.2903225806451613,True
14535950,5cav_a_4zq_1101,-7.825,True,14535950,-1,prospective,0.71002,7.10106,-7.82191,success,14535950,0.3387096774193548,24,0.9505106451612902,Cc1noc(C)c1CO[C@H]1CN(C(=O)CCn2cccn2)CC(=O)N(CC(C)C)C1,417.5,1.79,0,6,8,93.7,3,0.65,O=C1CN(C(=O)CCn2cccn2)CC(OCc2cnoc2)CN1,14535950,-1,prospective,0.6868879999999999,0.2903225806451613,True
1857735472,5cav_a_4zq_1101,-7.508,True,1857735472,-1,prospective,0.73456,7.53583,-7.50956,success,1857735472,0.2903225806451613,20,0.9478193548387096,COc1ccc(-n2cccn2)cc1S(=O)(=O)N[C@@H]1C[C@H]2CO[C@@H](C3CC3)CN2C1,418.5,1.41,1,6,6,85.7,2,0.764,O=S(=O)(NC1CC2COC(C3CC3)CN2C1)c1cccc(-n2cccn2)c1,1857735472,-1,prospective,0.6868879999999999,0.2903225806451613,True
77287775,5cav_a_4zq_1101,-8.142,True,77287775,-1,prospective,0.70767,7.70689,-8.13987,success,77287775,0.3387096774193548,22,0.9473646774193548,COc1cccc(CN2C[C@]34C=C[C@H](O3)[C@H](C(=O)N(C)Cc3nnc(C)o3)[C@@H]4C2=O)c1,424.5,1.33,0,7,6,98.0,2,0.645,O=C(NCc1nnco1)C1C2C=CC3(CN(Cc4ccccc4)C(=O)C13)O2,77287775,-1,prospective,0.6868879999999999,0.2903225806451613,True
1875248217,1m17_a_aq4_999,-8.658,True,1875248217,-1,prospective,0.72421,7.4067,-8.6627,success,1875248217,0.3064516129032258,20,0.9461453225806451,O=C(NCc1cnc2c(c1)CN(C(=O)[C@H]1CCOC1)CC2)c1ccncc1Cl,400.9,1.98,1,5,4,84.4,2,0.848,O=C(NCc1cnc2c(c1)CN(C(=O)C1CCOC1)CC2)c1ccncc1,1875248217,-1,prospective,0.6868879999999999,0.2903225806451613,True
2384417161,5cav_a_4zq_1101,-7.552,True,2384417161,-1,prospective,0.72282,7.41259,-7.71709,success,2384417161,0.3064516129032258,22,0.9443293548387096,CCCCc1nc(CN2CCC(O)(C(=O)N3CCCN(C)CC3)CC2)c(Cl)[nH]1,412.0,1.9,2,5,6,75.7,2,0.747,O=C(C1CCN(Cc2c[nH]cn2)CC1)N1CCCNCC1,2384417161,-1,prospective,0.6868879999999999,0.2903225806451613,True
2382435124,5cav_a_4zq_1101,-8.652,True,2382435124,-1,prospective,0.71847,7.66367,-8.65362,success,2382435124,0.3064516129032258,21,0.9386462903225806,COCC(=O)N1C[C@H]2CN(C(=O)c3cnn4cccnc34)C[C@H]2[C@@H]1c1cccc(F)c1,423.4,1.79,0,5,4,80.0,3,0.639,O=C(c1cnn2cccnc12)N1CC2CNC(c3ccccc3)C2C1,2382435124,-1,prospective,0.6868879999999999,0.2903225806451613,True
55072550,1m17_a_aq4_999,-9.505,True,55072550,-1,prospective,0.723,8.16605,-9.50475,success,55072550,0.2903225806451613,23,0.9329032258064516,O=C1NCCN(Cc2cccnc2)[C@H]1CC(=O)N1CCC(OCc2ccccc2)CC1,422.5,1.98,1,5,7,74.8,1,0.739,O=C1NCCN(Cc2cccnc2)C1CC(=O)N1CCC(OCc2ccccc2)CC1,55072550,-1,prospective,0.6868879999999999,0.2903225806451613,True
2382381312,4hjo_a_aq4_1001,-11.694,True,2382381312,-1,prospective,0.7131,7.44217,-11.98326,success,2382381312,0.3064516129032258,30,0.9316306451612902,O=C(c1cnc2ccccn2c1=O)N1C[C@H](Cc2ccc3ccccc3n2)[C@@H](O)C1,400.4,1.92,1,5,3,87.8,3,0.568,O=C(c1cnc2ccccn2c1=O)N1CCC(Cc2ccc3ccccc3n2)C1,2382381312,-1,prospective,0.6868879999999999,0.2903225806451613,True
12439747,1m17_a_aq4_999,-8.352,True,12439747,-1,prospective,0.71107,7.44705,-8.35347,success,12439747,0.3064516129032258,22,0.9289785483870967,Cn1nnnc1SCCNC(=O)[C@H]1CCC(=O)N(CCc2cccc(F)c2)C1,406.5,1.04,1,6,8,93.0,4,0.52,O=C(NCCSc1nnn[nH]1)C1CCC(=O)N(CCc2ccccc2)C1,12439747,-1,prospective,0.6868879999999999,0.2903225806451613,True
4135785,5cav_a_4zq_1101,-7.408,True,4135785,-1,prospective,0.69182,6.59886,-7.26311,success,4135785,0.3387096774193548,22,0.926146129032258,CCCNc1nc2c(c(=O)n(C)c(=O)n2C)n1C[C@@H](O)COc1ccccc1C,401.5,1.0,2,6,8,103.3,4,0.584,O=c1[nH]c(=O)c2c(ncn2CCCOc2ccccc2)[nH]1,4135785,-1,prospective,0.6868879999999999,0.2903225806451613,True
12706973,4hjo_a_aq4_1001,-9.494,True,12706973,-1,prospective,0.71579,7.66596,-9.49759,success,12706973,0.2903225806451613,28,0.9236,Cc1cccc(CN2CCC[C@]3(CCN(C(=O)CCn4ccc(=O)[nH]c4=O)C3)C2)c1,410.5,1.75,1,4,5,78.4,2,0.815,O=C(CCn1ccc(=O)[nH]c1=O)N1CCC2(CCCN(Cc3ccccc3)C2)C1,12706973,-1,prospective,0.6868879999999999,0.2903225806451613,True
1857692909,1xkk_a_fmm_91,-10.035,True,1857692909,-1,prospective,0.68727,7.80535,-10.03802,success,1857692909,0.3387096774193548,23,0.920055,O=C1C[C@H]2[C@H](CCN2C(=O)c2cnc3ccccc3n2)N1Cc1noc(C2CC2)n1,404.4,1.91,0,7,4,105.3,4,0.654,O=C1CC2C(CCN2C(=O)c2cnc3ccccc3n2)N1Cc1noc(C2CC2)n1,1857692909,-1,prospective,0.6868879999999999,0.2903225806451613,True
77407355,5cav_a_4zq_1101,-7.764,True,77407355,-1,prospective,0.69151,7.7597,-7.76597,success,77407355,0.3225806451612903,20,0.9145777419354838,COc1cccc(CN2C[C@]34C=C[C@H](O3)[C@H](C(=O)N(C)Cc3cc[nH]n3)[C@@H]4C2=O)c1,408.5,1.36,1,5,6,87.8,2,0.73,O=C(NCc1cc[nH]n1)C1C2C=CC3(CN(Cc4ccccc4)C(=O)C13)O2,77407355,-1,prospective,0.6868879999999999,0.2903225806451613,True
17149009,5cav_a_4zq_1101,-7.25,True,17149009,-1,prospective,0.70764,6.66567,-7.25402,success,17149009,0.2903225806451613,21,0.913083870967742,COC(CNC(=O)c1cn(C)c2c(=O)n(-c3ccc(Cl)cc3)c(=O)[nH]c12)OC,406.8,1.02,2,5,6,107.3,3,0.594,O=c1[nH]c2cc[nH]c2c(=O)n1-c1ccccc1,17149009,-1,prospective,0.6868879999999999,0.2903225806451613,True
13748580,1m17_a_aq4_999,-9.449,True,13748580,-1,prospective,0.70688,7.3876,-9.68231,success,13748580,0.2903225806451613,23,0.9121032258064515,O=C(O)CN1C(=O)/C(=c2\sc3nc(-c4ccc(F)cc4)nn3c2=O)c2ccccc21,422.4,1.31,1,6,3,104.9,3,0.534,O=C1Nc2ccccc2C1=c1sc2nc(-c3ccccc3)nn2c1=O,13748580,-1,prospective,0.6868879999999999,0.2903225806451613,True
23398555,5cav_a_4zq_1101,-7.327,True,23398555,-1,prospective,0.69775,6.51386,-7.3298,success,23398555,0.3064516129032258,19,0.9115766129032258,O=C(NCc1ccc(F)cc1)N1CCC(n2cc(CN3CCNCC3)nn2)CC1,401.5,1.37,2,5,5,78.3,3,0.791,O=C(NCc1ccccc1)N1CCC(n2cc(CN3CCNCC3)nn2)CC1,23398555,-1,prospective,0.6868879999999999,0.2903225806451613,True
92019380,5cav_a_4zq_1101,-6.726,True,92019380,-1,prospective,0.68882,7.0651,-6.9961,success,92019380,0.3225806451612903,22,0.9110199999999999,Cc1nn(-c2ccccc2)c(C)c1CC(=O)N1C[C@H](CO)[C@H](CN(C)CCO)C1,400.5,1.02,2,5,8,81.8,2,0.692,O=C(Cc1cnn(-c2ccccc2)c1)N1CCCC1,92019380,-1,prospective,0.6868879999999999,0.2903225806451613,True
1857697235,5cav_a_4zq_1101,-7.865,True,1857697235,-1,prospective,0.69501,7.20668,-7.8678,success,1857697235,0.3064516129032258,22,0.907996935483871,Cc1[nH]c(-c2ccc(F)cc2)nc1C(=O)N1C[C@H]2[C@@H](N(C)C)CS(=O)(=O)[C@H]2C1,406.5,1.32,1,5,3,86.4,2,0.831,O=C(c1c[nH]c(-c2ccccc2)n1)N1CC2CCS(=O)(=O)C2C1,1857697235,-1,prospective,0.6868879999999999,0.2903225806451613,True
11663580,1m17_a_aq4_999,-8.47,True,11663580,-1,prospective,0.70107,7.41948,-8.47589,success,11663580,0.2903225806451613,22,0.9046064516129032,CC(C)(C)c1cc(CNC(=O)[C@@H]2CCC(=O)N(CCCN3CCCC3=O)C2)n[nH]1,403.5,1.57,2,4,7,98.4,2,0.722,O=C(NCc1cc[nH]n1)C1CCC(=O)N(CCCN2CCCC2=O)C1,11663580,-1,prospective,0.6868879999999999,0.2903225806451613,True
15074573,1m17_a_aq4_999,-7.926,True,15074573,-1,prospective,0.69823,7.18695,-7.92728,success,15074573,0.2903225806451613,19,0.9009419354838709,COc1ccc(S(=O)(=O)NC[C@H]2CCCN(C(=O)c3cnc(C)cn3)C2)cc1,404.5,1.62,1,6,6,101.5,2,0.785,O=C(c1cnccn1)N1CCCC(CNS(=O)(=O)c2ccccc2)C1,15074573,-1,prospective,0.6868879999999999,0.2903225806451613,True
1772816460,1xkk_a_fmm_91,-8.279,True,1772816460,-1,prospective,0.68839,7.85598,-8.48533,success,1772816460,0.3064516129032258,23,0.8993482258064515,Cc1ncsc1CN1C[C@@H]2CN(C(=O)c3cnn4ccn(C)c34)C[C@@]2(CO)C1,400.5,1.0,1,6,4,78.9,4,0.707,O=C(c1cnn2cc[nH]c12)N1CC2CN(Cc3cncs3)CC2C1,1772816460,-1,prospective,0.6868879999999999,0.2903225806451613,True
2384428864,1m17_a_aq4_999,-9.074,True,2384428864,-1,prospective,0.69389,7.15082,-9.0742,success,2384428864,0.2903225806451613,20,0.895341935483871,CC(C)(C)c1nc2c(o1)CCN(C(=O)C1CCN([C@H]3CCS(=O)(=O)C3)CC1)C2,409.6,1.76,0,6,2,83.7,1,0.74,O=C(C1CCN(C2CCS(=O)(=O)C2)CC1)N1CCc2ocnc2C1,2384428864,-1,prospective,0.6868879999999999,0.2903225806451613,True
67604988,4hjo_a_aq4_1001,-10.522,True,67604988,-1,prospective,0.68723,6.90614,-10.02359,success,67604988,0.2903225806451613,23,0.8867483870967742,Cc1nc(N2CCN(S(=O)(=O)c3ccc(F)cc3)CC2)cc(-n2ccnc2)n1,402.5,1.62,0,6,4,84.2,4,0.659,O=S(=O)(c1ccccc1)N1CCN(c2cc(-n3ccnc3)ncn2)CC1,67604988,-1,prospective,0.6868879999999999,0.2903225806451613,True
2386280321,1xkk_a_fmm_91,-9.212,True,2386280321,-1,prospective,0.68708,7.53418,-8.99999,success,2386280321,0.2903225806451613,24,0.8865548387096774,CN(C)[C@@H]1CN(c2nc(C3CC3)nc3c2CCNC3=O)CC[C@]1(O)c1ccccc1,407.5,1.67,2,6,4,81.6,2,0.803,O=C1NCCc2c1nc(C1CC1)nc2N1CCC(c2ccccc2)CC1,2386280321,-1,prospective,0.6868879999999999,0.2903225806451613,True
